#,uniqueID,Name,Type 1,Type 2,Total,HP,Attack,Defense,Sp. Atk,Sp. Def,Speed,Generation,Legendary,EXP,MALE,FEMALE,CATCH RATE,HEIGHT(m),WEIGHT(hectogram) ,HATCH TIME(low + 256),EV,FRIENDSHIP,BASE EXP YEILD
1,1,Bulbasaur,Grass,Poison,318,45,49,49,65,65,45,1,FALSE,MS,87.5,12.5,45,7,69,5397,1-SP_A,70,64
2,2,Ivysaur,Grass,Poison,405,60,62,63,80,80,60,1,FALSE,MS,87.5,12.5,45,10,130,5397,1-SP_A*1-SP_D,70,142
3,3,Venusaur,Grass,Poison,525,80,82,83,100,100,80,1,FALSE,MS,87.5,12.5,45,20,1000,5397,2-SP_A*1-SP_D,70,236
3,10033,VenusaurMega Venusaur,Grass,Poison,625,80,100,123,122,120,80,1,FALSE,MS,87.5,12.5,45,24,1555,5397,2-SP_A*1-SP_D,70,281
4,4,Charmander,Fire,,309,39,52,43,60,50,65,1,FALSE,MS,87.5,12.5,45,6,85,,,70,62
5,5,Charmeleon,Fire,,405,58,64,58,80,65,80,1,FALSE,MS,87.5,12.5,45,11,190,,,70,142
6,6,Charizard,Fire,Flying,534,78,84,78,109,85,100,1,FALSE,MS,87.5,12.5,45,17,905,,,70,240
6,10034,CharizardMega Charizard X,Fire,Dragon,634,78,130,111,130,85,100,1,FALSE,MS,87.5,12.5,45,17,1105,,,70,285
6,10035,CharizardMega Charizard Y,Fire,Flying,634,78,104,78,159,115,100,1,FALSE,MS,87.5,12.5,45,17,1005,,,70,285
7,7,Squirtle,Water,,314,44,48,65,50,64,43,1,FALSE,MS,87.5,12.5,45,5,90,,,70,63
8,8,Wartortle,Water,,405,59,63,80,65,80,58,1,FALSE,MS,87.5,12.5,45,10,225,,,70,142
9,9,Blastoise,Water,,530,79,83,100,85,105,78,1,FALSE,MS,87.5,12.5,45,16,855,,,70,239
9,10036,BlastoiseMega Blastoise,Water,,630,79,103,120,135,115,78,1,FALSE,MS,87.5,12.5,45,16,1011,,,,284
10,10,Caterpie,Bug,,195,45,30,35,20,20,45,1,FALSE,MF,50,50,,3,29,,,,39
11,11,Metapod,Bug,,205,50,20,55,25,25,30,1,FALSE,MF,50,50,,7,99,,,,72
12,12,Butterfree,Bug,Flying,395,60,45,50,90,80,70,1,FALSE,MF,50,50,,11,320,,,,178
13,13,Weedle,Bug,Poison,195,40,35,30,20,20,50,1,FALSE,MF,50,50,,3,32,,,,39
14,14,Kakuna,Bug,Poison,205,45,25,50,25,25,35,1,FALSE,MF,50,50,,6,100,,,,72
15,15,Beedrill,Bug,Poison,395,65,90,40,45,80,75,1,FALSE,MF,50,50,,10,295,,,,178
15,10090,BeedrillMega Beedrill,Bug,Poison,495,65,150,40,15,80,145,1,FALSE,MF,50,50,,14,405,,,,223
16,16,Pidgey,Normal,Flying,251,40,45,40,35,35,56,1,FALSE,MS,50,50,,3,18,,,,50
17,17,Pidgeotto,Normal,Flying,349,63,60,55,50,50,71,1,FALSE,MS,50,50,,11,300,,,,122
18,18,Pidgeot,Normal,Flying,479,83,80,75,70,70,101,1,FALSE,MS,50,50,,15,395,,,,216
18,10073,PidgeotMega Pidgeot,Normal,Flying,579,83,80,80,135,80,121,1,FALSE,MS,50,50,,22,505,,,,261
19,19,Rattata,Normal,,253,30,56,35,25,35,72,1,FALSE,MF,50,50,,3,35,,,,51
20,20,Raticate,Normal,,413,55,81,60,50,70,97,1,FALSE,MF,50,50,,7,185,,,,145
21,21,Spearow,Normal,Flying,262,40,60,30,31,31,70,1,FALSE,MF,50,50,,3,20,,,,52
22,22,Fearow,Normal,Flying,442,65,90,65,61,61,100,1,FALSE,MF,50,50,,12,380,,,,155
23,23,Ekans,Poison,,288,35,60,44,40,54,55,1,FALSE,MF,50,50,,20,69,,,,58
24,24,Arbok,Poison,,438,60,85,69,65,79,80,1,FALSE,MF,50,50,,35,650,,,,153
25,25,Pikachu,Electric,,320,35,55,40,50,50,90,1,FALSE,MF,50,50,,4,60,,,,112
26,26,Raichu,Electric,,485,60,90,55,90,80,110,1,FALSE,MF,50,50,,8,300,,,,218
27,27,Sandshrew,Ground,,300,50,75,85,20,30,40,1,FALSE,MF,50,50,,6,120,,,,60
28,28,Sandslash,Ground,,450,75,100,110,45,55,65,1,FALSE,MF,50,50,,10,295,,,,158
29,29,Nidoran♀,Poison,,275,55,47,52,40,40,41,1,FALSE,MS,0,100,,4,70,,,,55
30,30,Nidorina,Poison,,365,70,62,67,55,55,56,1,FALSE,MS,0,100,,8,200,,,,128
31,31,Nidoqueen,Poison,Ground,505,90,92,87,75,85,76,1,FALSE,MS,0,100,,13,600,,,,227
32,32,Nidoran♂,Poison,,273,46,57,40,40,40,50,1,FALSE,MS,100,0,,5,90,,,,55
33,33,Nidorino,Poison,,365,61,72,57,55,55,65,1,FALSE,MS,100,0,,9,195,,,,128
34,34,Nidoking,Poison,Ground,505,81,102,77,85,75,85,1,FALSE,MS,100,0,,14,620,,,,227
35,35,Clefairy,Fairy,,323,70,45,48,60,65,35,1,FALSE,FA,25,75,,6,75,,,,113
36,36,Clefable,Fairy,,483,95,70,73,95,90,60,1,FALSE,FA,25,75,,13,400,,,,217
37,37,Vulpix,Fire,,299,38,41,40,50,65,65,1,FALSE,MF,25,75,,6,99,,,,60
38,38,Ninetales,Fire,,505,73,76,75,81,100,100,1,FALSE,MF,25,75,,11,199,,,,177
39,39,Jigglypuff,Normal,Fairy,270,115,45,20,45,25,20,1,FALSE,FA,25,75,,5,55,,,,95
40,40,Wigglytuff,Normal,Fairy,435,140,70,45,85,50,45,1,FALSE,FA,25,75,,10,120,,,,196
41,41,Zubat,Poison,Flying,245,40,45,35,30,40,55,1,FALSE,MF,50,50,,8,75,,,,49
42,42,Golbat,Poison,Flying,455,75,80,70,65,75,90,1,FALSE,MF,50,50,,16,550,,,,159
43,43,Oddish,Grass,Poison,320,45,50,55,75,65,30,1,FALSE,MS,50,50,,5,54,,,,64
44,44,Gloom,Grass,Poison,395,60,65,70,85,75,40,1,FALSE,MS,50,50,,8,86,,,,138
45,45,Vileplume,Grass,Poison,490,75,80,85,110,90,50,1,FALSE,MS,50,50,,12,186,,,,221
46,46,Paras,Bug,Grass,285,35,70,55,45,55,25,1,FALSE,MF,50,50,,3,54,,,,57
47,47,Parasect,Bug,Grass,405,60,95,80,60,80,30,1,FALSE,MF,50,50,,10,295,,,,142
48,48,Venonat,Bug,Poison,305,60,55,50,40,55,45,1,FALSE,MF,50,50,,10,300,,,,61
49,49,Venomoth,Bug,Poison,450,70,65,60,90,75,90,1,FALSE,MF,50,50,,15,125,,,,158
50,50,Diglett,Ground,,265,10,55,25,35,45,95,1,FALSE,MF,50,50,,2,8,,,,53
51,51,Dugtrio,Ground,,405,35,80,50,50,70,120,1,FALSE,MF,50,50,,7,333,,,,142
52,52,Meowth,Normal,,290,40,45,35,40,40,90,1,FALSE,MF,50,50,,4,42,,,,58
53,53,Persian,Normal,,440,65,70,60,65,65,115,1,FALSE,MF,50,50,,10,320,,,,154
54,54,Psyduck,Water,,320,50,52,48,65,50,55,1,FALSE,MF,50,50,,8,196,,,,64
55,55,Golduck,Water,,500,80,82,78,95,80,85,1,FALSE,MF,50,50,,17,766,,,,175
56,56,Mankey,Fighting,,305,40,80,35,35,45,70,1,FALSE,MF,50,50,,5,280,,,,61
57,57,Primeape,Fighting,,455,65,105,60,60,70,95,1,FALSE,MF,50,50,,10,320,,,,159
58,58,Growlithe,Fire,,350,55,70,45,70,50,60,1,FALSE,SL,75,25,,7,190,,,,70
59,59,Arcanine,Fire,,555,90,110,80,100,80,95,1,FALSE,SL,75,25,,19,1550,,,,194
60,60,Poliwag,Water,,300,40,50,40,40,40,90,1,FALSE,MS,50,50,,6,124,,,,60
61,61,Poliwhirl,Water,,385,65,65,65,50,50,90,1,FALSE,MS,50,50,,10,200,,,,135
62,62,Poliwrath,Water,Fighting,510,90,95,95,70,90,70,1,FALSE,MS,50,50,,13,540,,,,230
63,63,Abra,Psychic,,310,25,20,15,105,55,90,1,FALSE,MS,75,25,,9,195,,,,62
64,64,Kadabra,Psychic,,400,40,35,30,120,70,105,1,FALSE,MS,75,25,,13,565,,,,140
65,65,Alakazam,Psychic,,500,55,50,45,135,95,120,1,FALSE,MS,75,25,,15,480,,,,225
65,10037,AlakazamMega Alakazam,Psychic,,590,55,50,65,175,95,150,1,FALSE,MS,75,25,,12,480,,,,266
66,66,Machop,Fighting,,305,70,80,50,35,35,35,1,FALSE,MS,75,25,,8,195,,,,61
67,67,Machoke,Fighting,,405,80,100,70,50,60,45,1,FALSE,MS,75,25,,15,705,,,,142
68,68,Machamp,Fighting,,505,90,130,80,65,85,55,1,FALSE,MS,75,25,,16,1300,,,,227
69,69,Bellsprout,Grass,Poison,300,50,75,35,70,30,40,1,FALSE,MS,50,50,,7,40,,,,60
70,70,Weepinbell,Grass,Poison,390,65,90,50,85,45,55,1,FALSE,MS,50,50,,10,64,,,,137
71,71,Victreebel,Grass,Poison,490,80,105,65,100,70,70,1,FALSE,SL,50,50,,17,155,,,,221
72,72,Tentacool,Water,Poison,335,40,40,35,50,100,70,1,FALSE,SL,50,50,,9,455,,,,67
73,73,Tentacruel,Water,Poison,515,80,70,65,80,120,100,1,FALSE,MS,50,50,,16,550,,,,180
74,74,Geodude,Rock,Ground,300,40,80,100,30,30,20,1,FALSE,MS,50,50,,4,200,,,,60
75,75,Graveler,Rock,Ground,390,55,95,115,45,45,35,1,FALSE,MS,50,50,,10,1050,,,,137
76,76,Golem,Rock,Ground,495,80,120,130,55,65,45,1,FALSE,MS,50,50,,14,3000,,,,223
77,77,Ponyta,Fire,,410,50,85,55,65,65,90,1,FALSE,MF,50,50,,10,300,,,,82
78,78,Rapidash,Fire,,500,65,100,70,80,80,105,1,FALSE,MF,50,50,,17,950,,,,175
79,79,Slowpoke,Water,Psychic,315,90,65,65,40,40,15,1,FALSE,MF,50,50,,12,360,,,,63
80,80,Slowbro,Water,Psychic,490,95,75,110,100,80,30,1,FALSE,MF,50,50,,16,785,,,,172
80,10071,SlowbroMega Slowbro,Water,Psychic,590,95,75,180,130,80,30,1,FALSE,MF,50,50,,20,1200,,,,207
81,81,Magnemite,Electric,Steel,325,25,35,70,95,55,45,1,FALSE,MF,0,0,,3,60,,,,65
82,82,Magneton,Electric,Steel,465,50,60,95,120,70,70,1,FALSE,MF,0,0,,10,600,,,,163
83,83,Farfetch'd,Normal,Flying,352,52,65,55,58,62,60,1,FALSE,MF,50,50,,8,150,,,,123
84,84,Doduo,Normal,Flying,310,35,85,45,35,35,75,1,FALSE,MF,50,50,,14,392,,,,62
85,85,Dodrio,Normal,Flying,460,60,110,70,60,60,100,1,FALSE,MF,50,50,,18,852,,,,161
86,86,Seel,Water,,325,65,45,55,45,70,45,1,FALSE,MF,50,50,,11,900,,,,65
87,87,Dewgong,Water,Ice,475,90,70,80,70,95,70,1,FALSE,MF,50,50,,17,1200,,,,166
88,88,Grimer,Poison,,325,80,80,50,40,50,25,1,FALSE,MF,50,50,,9,300,,,,65
89,89,Muk,Poison,,500,105,105,75,65,100,50,1,FALSE,MF,50,50,,12,300,,,,175
90,90,Shellder,Water,,305,30,65,100,45,25,40,1,FALSE,SL,50,50,,3,40,,,,61
91,91,Cloyster,Water,Ice,525,50,95,180,85,45,70,1,FALSE,SL,50,50,,15,1325,,,,184
92,92,Gastly,Ghost,Poison,310,30,35,30,100,35,80,1,FALSE,MS,50,50,,13,1,,,,62
93,93,Haunter,Ghost,Poison,405,45,50,45,115,55,95,1,FALSE,MS,50,50,,16,1,,,,142
94,94,Gengar,Ghost,Poison,500,60,65,60,130,75,110,1,FALSE,MS,50,50,,15,405,,,,225
94,10038,GengarMega Gengar,Ghost,Poison,600,60,65,80,170,95,130,1,FALSE,MS,50,50,,14,405,,,,270
95,95,Onix,Rock,Ground,385,35,45,160,30,45,70,1,FALSE,MF,50,50,,88,2100,,,,77
96,96,Drowzee,Psychic,,328,60,48,45,43,90,42,1,FALSE,MF,50,50,,10,324,,,,66
97,97,Hypno,Psychic,,483,85,73,70,73,115,67,1,FALSE,MF,50,50,,16,756,,,,169
98,98,Krabby,Water,,325,30,105,90,25,25,50,1,FALSE,MF,50,50,,4,65,,,,65
99,99,Kingler,Water,,475,55,130,115,50,50,75,1,FALSE,MF,50,50,,13,600,,,,166
100,100,Voltorb,Electric,,330,40,30,50,55,55,100,1,FALSE,MF,0,0,,5,104,,,,66
101,101,Electrode,Electric,,480,60,50,70,80,80,140,1,FALSE,MF,0,0,,12,666,,,,168
102,102,Exeggcute,Grass,Psychic,325,60,40,80,60,45,40,1,FALSE,SL,50,50,,4,25,,,,65
103,103,Exeggutor,Grass,Psychic,520,95,95,85,125,65,55,1,FALSE,SL,50,50,,20,1200,,,,182
104,104,Cubone,Ground,,320,50,50,95,40,50,35,1,FALSE,MF,50,50,,4,65,,,,64
105,105,Marowak,Ground,,425,60,80,110,50,80,45,1,FALSE,MF,50,50,,10,450,,,,149
106,106,Hitmonlee,Fighting,,455,50,120,53,35,110,87,1,FALSE,MF,100,0,,15,498,,,,159
107,107,Hitmonchan,Fighting,,455,50,105,79,35,110,76,1,FALSE,MF,100,0,,14,502,,,,159
108,108,Lickitung,Normal,,385,90,55,75,60,75,30,1,FALSE,MF,50,50,,12,655,,,,77
109,109,Koffing,Poison,,340,40,65,95,60,45,35,1,FALSE,MF,50,50,,6,10,,,,68
110,110,Weezing,Poison,,490,65,90,120,85,70,60,1,FALSE,MF,50,50,,12,95,,,,172
111,111,Rhyhorn,Ground,Rock,345,80,85,95,30,30,25,1,FALSE,SL,50,50,,10,1150,,,,69
112,112,Rhydon,Ground,Rock,485,105,130,120,45,45,40,1,FALSE,SL,50,50,,19,1200,,,,170
113,113,Chansey,Normal,,450,250,5,5,35,105,50,1,FALSE,FA,0,100,,11,346,,,,395
114,114,Tangela,Grass,,435,65,55,115,100,40,60,1,FALSE,MF,50,50,,10,350,,,,87
115,115,Kangaskhan,Normal,,490,105,95,80,40,80,90,1,FALSE,MF,0,100,,22,800,,,,172
115,10039,KangaskhanMega Kangaskhan,Normal,,590,105,125,100,60,100,100,1,FALSE,MF,0,100,,22,1000,,,,207
116,116,Horsea,Water,,295,30,40,70,70,25,60,1,FALSE,MF,50,50,,4,80,,,,59
117,117,Seadra,Water,,440,55,65,95,95,45,85,1,FALSE,MF,50,50,,12,250,,,,154
118,118,Goldeen,Water,,320,45,67,60,35,50,63,1,FALSE,MF,50,50,,6,150,,,,64
119,119,Seaking,Water,,450,80,92,65,65,80,68,1,FALSE,MF,50,50,,13,390,,,,158
120,120,Staryu,Water,,340,30,45,55,70,55,85,1,FALSE,SL,0,0,,8,345,,,,68
121,121,Starmie,Water,Psychic,520,60,75,85,100,85,115,1,FALSE,SL,0,0,,11,800,,,,182
122,122,Mr. Mime,Psychic,Fairy,460,40,45,65,100,120,90,1,FALSE,MF,50,50,,13,545,,,,161
123,123,Scyther,Bug,Flying,500,70,110,80,55,80,105,1,FALSE,MF,50,50,,15,560,,,,100
124,124,Jynx,Ice,Psychic,455,65,50,35,115,95,95,1,FALSE,MF,0,100,,14,406,,,,159
125,125,Electabuzz,Electric,,490,65,83,57,95,85,105,1,FALSE,MF,75,25,,11,300,,,,172
126,126,Magmar,Fire,,495,65,95,57,100,85,93,1,FALSE,MF,75,25,,13,445,,,,173
127,127,Pinsir,Bug,,500,65,125,100,55,70,85,1,FALSE,SL,50,50,,15,550,,,,175
127,10040,PinsirMega Pinsir,Bug,Flying,600,65,155,120,65,90,105,1,FALSE,SL,50,50,,17,590,,,,210
128,128,Tauros,Normal,,490,75,100,95,40,70,110,1,FALSE,SL,100,0,,14,884,,,,172
129,129,Magikarp,Water,,200,20,10,55,15,20,80,1,FALSE,SL,50,50,,9,100,,,,40
130,130,Gyarados,Water,Flying,540,95,125,79,60,100,81,1,FALSE,SL,50,50,,65,2350,,,,189
130,10041,GyaradosMega Gyarados,Water,Dark,640,95,155,109,70,130,81,1,FALSE,SL,50,50,,65,3050,,,,224
131,131,Lapras,Water,Ice,535,130,85,80,85,95,60,1,FALSE,SL,50,50,,25,2200,,,,187
132,132,Ditto,Normal,,288,48,48,48,48,48,48,1,FALSE,MF,0,0,,3,40,,,,101
133,133,Eevee,Normal,,325,55,55,50,45,65,55,1,FALSE,MF,87.5,12.5,,3,65,,,,65
134,134,Vaporeon,Water,,525,130,65,60,110,95,65,1,FALSE,MF,87.5,12.5,,10,290,,,,184
135,135,Jolteon,Electric,,525,65,65,60,110,95,130,1,FALSE,MF,87.5,12.5,,8,245,,,,184
136,136,Flareon,Fire,,525,65,130,60,95,110,65,1,FALSE,MF,87.5,12.5,,9,250,,,,184
137,137,Porygon,Normal,,395,65,60,70,85,75,40,1,FALSE,MF,0,0,,8,365,,,,79
138,138,Omanyte,Rock,Water,355,35,40,100,90,55,35,1,FALSE,MF,87.5,12.5,,4,75,,,,71
139,139,Omastar,Rock,Water,495,70,60,125,115,70,55,1,FALSE,MF,87.5,12.5,,10,350,,,,173
140,140,Kabuto,Rock,Water,355,30,80,90,55,45,55,1,FALSE,MF,87.5,12.5,,5,115,,,,71
141,141,Kabutops,Rock,Water,495,60,115,105,65,70,80,1,FALSE,MF,87.5,12.5,,13,405,,,,173
142,142,Aerodactyl,Rock,Flying,515,80,105,65,60,75,130,1,FALSE,SL,87.5,12.5,,18,590,,,,180
142,10042,AerodactylMega Aerodactyl,Rock,Flying,615,80,135,85,70,95,150,1,FALSE,SL,87.5,12.5,,21,790,,,,215
143,143,Snorlax,Normal,,540,160,110,65,65,110,30,1,FALSE,SL,87.5,12.5,,21,4600,,,,189
144,144,Articuno,Ice,Flying,580,90,85,100,95,125,85,1,TRUE,SL,0,0,,17,554,,,,261
145,145,Zapdos,Electric,Flying,580,90,90,85,125,90,100,1,TRUE,SL,0,0,,16,526,,,,261
146,146,Moltres,Fire,Flying,580,90,100,90,125,85,90,1,TRUE,SL,0,0,,20,600,,,,261
147,147,Dratini,Dragon,,300,41,64,45,50,50,50,1,FALSE,SL,50,50,,18,33,,,,60
148,148,Dragonair,Dragon,,420,61,84,65,70,70,70,1,FALSE,SL,50,50,,40,165,,,,147
149,149,Dragonite,Dragon,Flying,600,91,134,95,100,100,80,1,FALSE,SL,50,50,,22,2100,,,,270
150,150,Mewtwo,Psychic,,680,106,110,90,154,90,130,1,TRUE,SL,0,0,,20,1220,,,,306
150,10043,MewtwoMega Mewtwo X,Psychic,Fighting,780,106,190,100,154,100,130,1,TRUE,SL,0,0,,23,1270,,,,351
150,10044,MewtwoMega Mewtwo Y,Psychic,,780,106,150,70,194,120,140,1,TRUE,SL,0,0,,15,330,,,,351
151,151,Mew,Psychic,,600,100,100,100,100,100,100,1,TRUE,MS,0,0,,4,40,,,,270
152,152,Chikorita,Grass,,318,45,49,65,49,65,45,2,FALSE,MS,87.5,12.5,,9,64,,,,64
153,153,Bayleef,Grass,,405,60,62,80,63,80,60,2,FALSE,MS,87.5,12.5,,12,158,,,,142
154,154,Meganium,Grass,,525,80,82,100,83,100,80,2,FALSE,MS,87.5,12.5,,18,1005,,,,236
155,155,Cyndaquil,Fire,,309,39,52,43,60,50,65,2,FALSE,MS,87.5,12.5,,5,79,,,,62
156,156,Quilava,Fire,,405,58,64,58,80,65,80,2,FALSE,MS,87.5,12.5,,9,190,,,,142
157,157,Typhlosion,Fire,,534,78,84,78,109,85,100,2,FALSE,MS,87.5,12.5,,17,795,,,,240
158,158,Totodile,Water,,314,50,65,64,44,48,43,2,FALSE,MS,87.5,12.5,,6,95,,,,63
159,159,Croconaw,Water,,405,65,80,80,59,63,58,2,FALSE,MS,87.5,12.5,,11,250,,,,142
160,160,Feraligatr,Water,,530,85,105,100,79,83,78,2,FALSE,MS,87.5,12.5,,23,888,,,,239
161,161,Sentret,Normal,,215,35,46,34,35,45,20,2,FALSE,MF,50,50,,8,60,,,,43
162,162,Furret,Normal,,415,85,76,64,45,55,90,2,FALSE,MF,50,50,,18,325,,,,145
163,163,Hoothoot,Normal,Flying,262,60,30,30,36,56,50,2,FALSE,MF,50,50,,7,212,,,,52
164,164,Noctowl,Normal,Flying,442,100,50,50,76,96,70,2,FALSE,MF,50,50,,16,408,,,,155
165,165,Ledyba,Bug,Flying,265,40,20,30,40,80,55,2,FALSE,FA,50,50,,10,108,,,,53
166,166,Ledian,Bug,Flying,390,55,35,50,55,110,85,2,FALSE,FA,50,50,,14,356,,,,137
167,167,Spinarak,Bug,Poison,250,40,60,40,40,40,30,2,FALSE,FA,50,50,,5,85,,,,50
168,168,Ariados,Bug,Poison,390,70,90,70,60,60,40,2,FALSE,FA,50,50,,11,335,,,,137
169,169,Crobat,Poison,Flying,535,85,90,80,70,80,130,2,FALSE,MF,50,50,,18,750,,,,241
170,170,Chinchou,Water,Electric,330,75,38,38,56,56,67,2,FALSE,SL,50,50,,5,120,,,,66
171,171,Lanturn,Water,Electric,460,125,58,58,76,76,67,2,FALSE,SL,50,50,,12,225,,,,161
172,172,Pichu,Electric,,205,20,40,15,35,35,60,2,FALSE,MF,50,50,,3,20,,,,41
173,173,Cleffa,Fairy,,218,50,25,28,45,55,15,2,FALSE,FA,25,75,,3,30,,,,44
174,174,Igglybuff,Normal,Fairy,210,90,30,15,40,20,15,2,FALSE,FA,25,75,,3,10,,,,42
175,175,Togepi,Fairy,,245,35,20,65,40,65,20,2,FALSE,FA,87.5,12.5,,3,15,,,,49
176,176,Togetic,Fairy,Flying,405,55,40,85,80,105,40,2,FALSE,FA,87.5,12.5,,6,32,,,,142
177,177,Natu,Psychic,Flying,320,40,50,45,70,45,70,2,FALSE,MF,50,50,,2,20,,,,64
178,178,Xatu,Psychic,Flying,470,65,75,70,95,70,95,2,FALSE,MF,50,50,,15,150,,,,165
179,179,Mareep,Electric,,280,55,40,40,65,45,35,2,FALSE,MS,50,50,,6,78,,,,56
180,180,Flaaffy,Electric,,365,70,55,55,80,60,45,2,FALSE,MS,50,50,,8,133,,,,128
181,181,Ampharos,Electric,,510,90,75,85,115,90,55,2,FALSE,MS,50,50,,14,615,,,,230
181,10045,AmpharosMega Ampharos,Electric,Dragon,610,90,95,105,165,110,45,2,FALSE,MS,50,50,,14,615,,,,275
182,182,Bellossom,Grass,,490,75,80,95,90,100,50,2,FALSE,MS,50,50,,4,58,,,,221
183,183,Marill,Water,Fairy,250,70,20,50,20,50,40,2,FALSE,FA,50,50,,4,85,,,,88
184,184,Azumarill,Water,Fairy,420,100,50,80,60,80,50,2,FALSE,FA,50,50,,8,285,,,,189
185,185,Sudowoodo,Rock,,410,70,100,115,30,65,30,2,FALSE,MF,50,50,,12,380,,,,144
186,186,Politoed,Water,,500,90,75,75,90,100,70,2,FALSE,MS,50,50,,11,339,,,,225
187,187,Hoppip,Grass,Flying,250,35,35,40,35,55,50,2,FALSE,MS,50,50,,4,5,,,,50
188,188,Skiploom,Grass,Flying,340,55,45,50,45,65,80,2,FALSE,MS,50,50,,6,10,,,,119
189,189,Jumpluff,Grass,Flying,460,75,55,70,55,95,110,2,FALSE,MS,50,50,,8,30,,,,207
190,190,Aipom,Normal,,360,55,70,55,40,55,85,2,FALSE,FA,50,50,,8,115,,,,72
191,191,Sunkern,Grass,,180,30,30,30,30,30,30,2,FALSE,MS,50,50,,3,18,,,,36
192,192,Sunflora,Grass,,425,75,75,55,105,85,30,2,FALSE,MS,50,50,,8,85,,,,149
193,193,Yanma,Bug,Flying,390,65,65,45,75,45,95,2,FALSE,MF,50,50,,12,380,,,,78
194,194,Wooper,Water,Ground,210,55,45,45,25,25,15,2,FALSE,MF,50,50,,4,85,,,,42
195,195,Quagsire,Water,Ground,430,95,85,85,65,65,35,2,FALSE,MF,50,50,,14,750,,,,151
196,196,Espeon,Psychic,,525,65,65,60,130,95,110,2,FALSE,MF,87.5,12.5,,9,265,,,,184
197,197,Umbreon,Dark,,525,95,65,110,60,130,65,2,FALSE,MF,87.5,12.5,,10,270,,,,184
198,198,Murkrow,Dark,Flying,405,60,85,42,85,42,91,2,FALSE,MS,50,50,,5,21,,,,81
199,199,Slowking,Water,Psychic,490,95,75,80,100,110,30,2,FALSE,MF,50,50,,20,795,,,,172
200,200,Misdreavus,Ghost,,435,60,60,60,85,85,85,2,FALSE,FA,50,50,,7,10,,,,87
201,201,Unown,Psychic,,336,48,72,48,72,48,48,2,FALSE,MF,0,0,,5,50,,,,118
202,202,Wobbuffet,Psychic,,405,190,33,58,33,58,33,2,FALSE,MF,,100,,13,285,,,,142
203,203,Girafarig,Normal,Psychic,455,70,80,65,90,65,85,2,FALSE,MF,,100,,15,415,,,,159
204,204,Pineco,Bug,,290,50,65,90,35,35,15,2,FALSE,MF,,100,,6,72,,,,58
205,205,Forretress,Bug,Steel,465,75,90,140,60,60,40,2,FALSE,MF,,100,,12,1258,,,,163
206,206,Dunsparce,Normal,,415,100,70,70,65,65,45,2,FALSE,MF,,100,,15,140,,,,145
207,207,Gligar,Ground,Flying,430,65,75,105,35,65,85,2,FALSE,MS,,100,,11,648,,,,86
208,208,Steelix,Steel,Ground,510,75,85,200,55,65,30,2,FALSE,MF,,100,,92,4000,,,,179
208,10072,SteelixMega Steelix,Steel,Ground,610,75,125,230,55,95,30,2,FALSE,MF,,100,,105,7400,,,,214
209,209,Snubbull,Fairy,,300,60,80,50,40,40,30,2,FALSE,FA,,100,,6,78,,,,60
210,210,Granbull,Fairy,,450,90,120,75,60,60,45,2,FALSE,FA,,100,,14,487,,,,158
211,211,Qwilfish,Water,Poison,430,65,95,75,55,55,85,2,FALSE,MF,,100,,5,39,,,,86
212,212,Scizor,Bug,Steel,500,70,130,100,55,80,65,2,FALSE,MF,,100,,18,1180,,,,175
212,10046,ScizorMega Scizor,Bug,Steel,600,70,150,140,65,100,75,2,FALSE,MF,,100,,20,1250,,,,210
213,213,Shuckle,Bug,Rock,505,20,10,230,10,230,5,2,FALSE,MS,,100,,6,205,,,,177
214,214,Heracross,Bug,Fighting,500,80,125,75,40,95,85,2,FALSE,SL,,100,,15,540,,,,175
214,10047,HeracrossMega Heracross,Bug,Fighting,600,80,185,115,40,105,75,2,FALSE,SL,,100,,17,625,,,,210
215,215,Sneasel,Dark,Ice,430,55,95,55,35,75,115,2,FALSE,MS,,100,,9,280,,,,86
216,216,Teddiursa,Normal,,330,60,80,50,50,50,40,2,FALSE,MF,,100,,6,88,,,,66
217,217,Ursaring,Normal,,500,90,130,75,75,75,55,2,FALSE,MF,,100,,18,1258,,,,175
218,218,Slugma,Fire,,250,40,40,40,70,40,20,2,FALSE,MF,,100,,7,350,,,,50
219,219,Magcargo,Fire,Rock,410,50,50,120,80,80,30,2,FALSE,MF,,100,,8,550,,,,144
220,220,Swinub,Ice,Ground,250,50,50,40,30,30,50,2,FALSE,SL,,100,,4,65,,,,50
221,221,Piloswine,Ice,Ground,450,100,100,80,60,60,50,2,FALSE,SL,,100,,11,558,,,,158
222,222,Corsola,Water,Rock,380,55,55,85,65,85,35,2,FALSE,FA,,100,,6,50,,,,133
223,223,Remoraid,Water,,300,35,65,35,65,35,65,2,FALSE,MF,,100,,6,120,,,,60
224,224,Octillery,Water,,480,75,105,75,105,75,45,2,FALSE,MF,,100,,9,285,,,,168
225,225,Delibird,Ice,Flying,330,45,55,45,65,45,75,2,FALSE,FA,,100,,9,160,,,,116
226,226,Mantine,Water,Flying,465,65,40,70,80,140,70,2,FALSE,SL,,100,,21,2200,,,,163
227,227,Skarmory,Steel,Flying,465,65,80,140,40,70,70,2,FALSE,SL,,100,,17,505,,,,163
228,228,Houndour,Dark,Fire,330,45,60,30,80,50,65,2,FALSE,SL,,100,,6,108,,,,66
229,229,Houndoom,Dark,Fire,500,75,90,50,110,80,95,2,FALSE,SL,,100,,14,350,,,,175
229,10048,HoundoomMega Houndoom,Dark,Fire,600,75,90,90,140,90,115,2,FALSE,SL,,100,,19,495,,,,210
230,230,Kingdra,Water,Dragon,540,75,95,95,95,95,85,2,FALSE,MF,,100,,18,1520,,,,243
231,231,Phanpy,Ground,,330,90,60,60,40,40,40,2,FALSE,MF,,100,,5,335,,,,66
232,232,Donphan,Ground,,500,90,120,120,60,60,50,2,FALSE,MF,,100,,11,1200,,,,175
233,233,Porygon2,Normal,,515,85,80,90,105,95,60,2,FALSE,MF,,100,,6,325,,,,180
234,234,Stantler,Normal,,465,73,95,62,85,65,85,2,FALSE,SL,,100,,14,712,,,,163
235,235,Smeargle,Normal,,250,55,20,35,20,45,75,2,FALSE,FA,,100,,12,580,,,,88
236,236,Tyrogue,Fighting,,210,35,35,35,35,35,35,2,FALSE,MF,,100,,7,210,,,,42
237,237,Hitmontop,Fighting,,455,50,95,95,35,110,70,2,FALSE,MF,,100,,14,480,,,,159
238,238,Smoochum,Ice,Psychic,305,45,30,15,85,65,65,2,FALSE,MF,,100,,4,60,,,,61
239,239,Elekid,Electric,,360,45,63,37,65,55,95,2,FALSE,MF,,100,,6,235,,,,72
240,240,Magby,Fire,,365,45,75,37,70,55,83,2,FALSE,MF,,100,,7,214,,,,73
241,241,Miltank,Normal,,490,95,80,105,40,70,100,2,FALSE,SL,,100,,12,755,,,,172
242,242,Blissey,Normal,,540,255,10,10,75,135,55,2,FALSE,FA,,100,,15,468,,,,608
243,243,Raikou,Electric,,580,90,85,75,115,100,115,2,TRUE,SL,,100,,19,1780,,,,261
244,244,Entei,Fire,,580,115,115,85,90,75,100,2,TRUE,SL,,100,,21,1980,,,,261
245,245,Suicune,Water,,580,100,75,115,90,115,85,2,TRUE,SL,,100,,20,1870,,,,261
246,246,Larvitar,Rock,Ground,300,50,64,50,45,50,41,2,FALSE,SL,,100,,6,720,,,,60
247,247,Pupitar,Rock,Ground,410,70,84,70,65,70,51,2,FALSE,SL,,100,,12,1520,,,,144
248,248,Tyranitar,Rock,Dark,600,100,134,110,95,100,61,2,FALSE,SL,,100,,20,2020,,,,270
248,10049,TyranitarMega Tyranitar,Rock,Dark,700,100,164,150,95,120,71,2,FALSE,SL,,100,,25,2550,,,,315
249,249,Lugia,Psychic,Flying,680,106,90,130,90,154,110,2,TRUE,SL,,100,,52,2160,,,,306
250,250,Ho-oh,Fire,Flying,680,106,130,90,110,154,90,2,TRUE,SL,,100,,38,1990,,,,306
251,251,Celebi,Psychic,Grass,600,100,100,100,100,100,100,2,TRUE,MS,,100,,6,50,,,,270
252,252,Treecko,Grass,,310,40,45,35,65,55,70,3,FALSE,MS,,100,,5,50,,,,62
253,253,Grovyle,Grass,,405,50,65,45,85,65,95,3,FALSE,MS,,100,,9,216,,,,142
254,254,Sceptile,Grass,,530,70,85,65,105,85,120,3,FALSE,MS,,100,,17,522,,,,239
254,10065,SceptileMega Sceptile,Grass,Dragon,630,70,110,75,145,85,145,3,FALSE,MS,,100,,19,552,,,,284
255,255,Torchic,Fire,,310,45,60,40,70,50,45,3,FALSE,MS,,100,,4,25,,,,62
256,256,Combusken,Fire,Fighting,405,60,85,60,85,60,55,3,FALSE,MS,,100,,9,195,,,,142
257,257,Blaziken,Fire,Fighting,530,80,120,70,110,70,80,3,FALSE,MS,,100,,19,520,,,,239
257,10050,BlazikenMega Blaziken,Fire,Fighting,630,80,160,80,130,80,100,3,FALSE,MS,,100,,19,520,,,,284
258,258,Mudkip,Water,,310,50,70,50,50,50,40,3,FALSE,MS,,100,,4,76,,,,62
259,259,Marshtomp,Water,Ground,405,70,85,70,60,70,50,3,FALSE,MS,,100,,7,280,,,,142
260,260,Swampert,Water,Ground,535,100,110,90,85,90,60,3,FALSE,MS,,100,,15,819,,,,241
260,10064,SwampertMega Swampert,Water,Ground,635,100,150,110,95,110,70,3,FALSE,MS,,100,,19,1020,,,,286
261,261,Poochyena,Dark,,220,35,55,35,30,30,35,3,FALSE,MF,,100,,5,136,,,,44
262,262,Mightyena,Dark,,420,70,90,70,60,60,70,3,FALSE,MF,,100,,10,370,,,,147
263,263,Zigzagoon,Normal,,240,38,30,41,30,41,60,3,FALSE,MF,,100,,4,175,,,,48
264,264,Linoone,Normal,,420,78,70,61,50,61,100,3,FALSE,MF,,100,,5,325,,,,147
265,265,Wurmple,Bug,,195,45,45,35,20,30,20,3,FALSE,MF,,100,,3,36,,,,39
266,266,Silcoon,Bug,,205,50,35,55,25,25,15,3,FALSE,MF,,100,,6,100,,,,72
267,267,Beautifly,Bug,Flying,395,60,70,50,100,50,65,3,FALSE,MF,,100,,10,284,,,,178
268,268,Cascoon,Bug,,205,50,35,55,25,25,15,3,FALSE,MF,,100,,7,115,,,,41
269,269,Dustox,Bug,Poison,385,60,50,70,50,90,65,3,FALSE,MF,,100,,12,316,,,,135
270,270,Lotad,Water,Grass,220,40,30,30,40,50,30,3,FALSE,MS,,100,,5,26,,,,44
271,271,Lombre,Water,Grass,340,60,50,50,60,70,50,3,FALSE,MS,,100,,12,325,,,,119
272,272,Ludicolo,Water,Grass,480,80,70,70,90,100,70,3,FALSE,MS,,100,,15,550,,,,216
273,273,Seedot,Grass,,220,40,40,50,30,30,30,3,FALSE,MS,,100,,5,40,,,,44
274,274,Nuzleaf,Grass,Dark,340,70,70,40,60,40,60,3,FALSE,MS,,100,,10,280,,,,119
275,275,Shiftry,Grass,Dark,480,90,100,60,90,60,80,3,FALSE,MS,,100,,13,596,,,,216
276,276,Taillow,Normal,Flying,270,40,55,30,30,30,85,3,FALSE,MS,,100,,3,23,,,,54
277,277,Swellow,Normal,Flying,430,60,85,60,50,50,125,3,FALSE,MS,,100,,7,198,,,,151
278,278,Wingull,Water,Flying,270,40,30,30,55,30,85,3,FALSE,MF,,100,,6,95,,,,54
279,279,Pelipper,Water,Flying,430,60,50,100,85,70,65,3,FALSE,MF,,100,,12,280,,,,151
280,280,Ralts,Psychic,Fairy,198,28,25,25,45,35,40,3,FALSE,SL,,100,,4,66,,,,40
281,281,Kirlia,Psychic,Fairy,278,38,35,35,65,55,50,3,FALSE,SL,,100,,8,202,,,,97
282,282,Gardevoir,Psychic,Fairy,518,68,65,65,125,115,80,3,FALSE,SL,,100,,16,484,,,,233
282,10051,GardevoirMega Gardevoir,Psychic,Fairy,618,68,85,65,165,135,100,3,FALSE,SL,,100,,16,484,,,,278
283,283,Surskit,Bug,Water,269,40,30,32,50,52,65,3,FALSE,MF,,100,,5,17,,,,54
284,284,Masquerain,Bug,Flying,414,70,60,62,80,82,60,3,FALSE,MF,,100,,8,36,,,,145
285,285,Shroomish,Grass,,295,60,40,60,40,60,35,3,FALSE,FL,,100,,4,45,,,,59
286,286,Breloom,Grass,Fighting,460,60,130,80,60,60,70,3,FALSE,FL    ,,100,,12,392,,,,161
287,287,Slakoth,Normal,,280,60,60,60,35,35,30,3,FALSE,SL,,100,,8,240,,,,56
288,288,Vigoroth,Normal,,440,80,80,80,55,55,90,3,FALSE,SL,,100,,14,465,,,,154
289,289,Slaking,Normal,,670,150,160,100,95,65,100,3,FALSE,SL,,100,,20,1305,,,,252
290,290,Nincada,Bug,Ground,266,31,45,90,30,30,40,3,FALSE,ER,,100,,5,55,,,,53
291,291,Ninjask,Bug,Flying,456,61,90,45,50,50,160,3,FALSE,ER,,100,,8,120,,,,160
292,292,Shedinja,Bug,Ghost,236,1,90,45,30,30,40,3,FALSE,ER,,100,,8,12,,,,83
293,293,Whismur,Normal,,240,64,51,23,51,23,28,3,FALSE,MS,,100,,6,163,,,,48
294,294,Loudred,Normal,,360,84,71,43,71,43,48,3,FALSE,MS,,100,,10,405,,,,126
295,295,Exploud,Normal,,490,104,91,63,91,73,68,3,FALSE,MS,,100,,15,840,,,,221
296,296,Makuhita,Fighting,,237,72,60,30,20,30,25,3,FALSE,FL,,100,,10,864,,,,47
297,297,Hariyama,Fighting,,474,144,120,60,40,60,50,3,FALSE,FL    ,,100,,23,2538,,,,166
298,298,Azurill,Normal,Fairy,190,50,20,40,20,40,20,3,FALSE,FA,,100,,2,20,,,,38
299,299,Nosepass,Rock,,375,30,45,135,45,90,30,3,FALSE,MF,,100,,10,970,,,,75
300,300,Skitty,Normal,,260,50,45,45,35,35,50,3,FALSE,FA,,100,,6,110,,,,52
301,301,Delcatty,Normal,,380,70,65,65,55,55,70,3,FALSE,FA,,100,,11,326,,,,133
302,302,Sableye,Dark,Ghost,380,50,75,75,65,65,50,3,FALSE,MS,,100,,5,110,,,,133
302,10066,SableyeMega Sableye,Dark,Ghost,480,50,85,125,85,115,20,3,FALSE,MS,,100,,5,1610,,,,168
303,303,Mawile,Steel,Fairy,380,50,85,85,55,55,50,3,FALSE,FA,,100,,6,115,,,,133
303,10052,MawileMega Mawile,Steel,Fairy,480,50,105,125,55,95,50,3,FALSE,FA,,100,,10,235,,,,168
304,304,Aron,Steel,Rock,330,50,70,100,40,40,30,3,FALSE,SL,,100,,4,600,,,,66
305,305,Lairon,Steel,Rock,430,60,90,140,50,50,40,3,FALSE,SL,,100,,9,1200,,,,151
306,306,Aggron,Steel,Rock,530,70,110,180,60,60,50,3,FALSE,SL,,100,,21,3600,,,,239
306,10053,AggronMega Aggron,Steel,,630,70,140,230,60,80,50,3,FALSE,SL,,100,,22,3950,,,,284
307,307,Meditite,Fighting,Psychic,280,30,40,55,40,55,60,3,FALSE,MF,,100,,6,112,,,,56
308,308,Medicham,Fighting,Psychic,410,60,60,75,60,75,80,3,FALSE,MF,,100,,13,315,,,,144
308,10054,MedichamMega Medicham,Fighting,Psychic,510,60,100,85,80,85,100,3,FALSE,MF,,100,,13,315,,,,179
309,309,Electrike,Electric,,295,40,45,40,65,40,65,3,FALSE,SL,,100,,6,152,,,,59
310,310,Manectric,Electric,,475,70,75,60,105,60,105,3,FALSE,SL,,100,,15,402,,,,166
310,10055,ManectricMega Manectric,Electric,,575,70,75,80,135,80,135,3,FALSE,SL,,100,,18,440,,,,201
311,311,Plusle,Electric,,405,60,50,40,85,75,95,3,FALSE,MF,,100,,4,42,,,,142
312,312,Minun,Electric,,405,60,40,50,75,85,95,3,FALSE,MF,,100,,4,42,,,,142
313,313,Volbeat,Bug,,400,65,73,55,47,75,85,3,FALSE,ER,,100,,7,177,,,,140
314,314,Illumise,Bug,,400,65,47,55,73,75,85,3,FALSE,FL,,100,,6,177,,,,140
315,315,Roselia,Grass,Poison,400,50,60,45,100,80,65,3,FALSE,MS,,100,,3,20,,,,140
316,316,Gulpin,Poison,,302,70,43,53,43,53,40,3,FALSE,FL,,100,,4,103,,,,60
317,317,Swalot,Poison,,467,100,73,83,73,83,55,3,FALSE,FL,,100,,17,800,,,,163
318,318,Carvanha,Water,Dark,305,45,90,20,65,20,65,3,FALSE,SL,,100,,8,208,,,,61
319,319,Sharpedo,Water,Dark,460,70,120,40,95,40,95,3,FALSE,SL,,100,,18,888,,,,161
319,10070,SharpedoMega Sharpedo,Water,Dark,560,70,140,70,110,65,105,3,FALSE,SL,,100,,25,1303,,,,196
320,320,Wailmer,Water,,400,130,70,35,70,35,60,3,FALSE,FL,,100,,20,1300,,,,80
321,321,Wailord,Water,,500,170,90,45,90,45,60,3,FALSE,FL,,100,,145,3980,,,,175
322,322,Numel,Fire,Ground,305,60,60,40,65,45,35,3,FALSE,MF,,100,,7,240,,,,61
323,323,Camerupt,Fire,Ground,460,70,100,70,105,75,40,3,FALSE,MF,,100,,19,2200,,,,161
323,10087,CameruptMega Camerupt,Fire,Ground,560,70,120,100,145,105,20,3,FALSE,MF,,100,,25,3205,,,,196
324,324,Torkoal,Fire,,470,70,85,140,85,70,20,3,FALSE,MF,,100,,5,804,,,,165
325,325,Spoink,Psychic,,330,60,25,35,70,80,60,3,FALSE,FA,,100,,7,306,,,,66
326,326,Grumpig,Psychic,,470,80,45,65,90,110,80,3,FALSE,FA,,100,,9,715,,,,165
327,327,Spinda,Normal,,360,60,60,60,60,60,60,3,FALSE,FA,,100,,11,50,,,,126
328,328,Trapinch,Ground,,290,45,100,45,45,45,10,3,FALSE,MS,,100,,7,150,,,,58
329,329,Vibrava,Ground,Dragon,340,50,70,50,50,50,70,3,FALSE,MS,,100,,11,153,,,,119
330,330,Flygon,Ground,Dragon,520,80,100,80,80,80,100,3,FALSE,MS,,100,,20,820,,,,234
331,331,Cacnea,Grass,,335,50,85,40,85,40,35,3,FALSE,MS,,100,,4,513,,,,67
332,332,Cacturne,Grass,Dark,475,70,115,60,115,60,55,3,FALSE,MS,,100,,13,774,,,,166
333,333,Swablu,Normal,Flying,310,45,40,60,40,75,50,3,FALSE,ER,,100,,4,12,,,,62
334,334,Altaria,Dragon,Flying,490,75,70,90,70,105,80,3,FALSE,ER,,100,,11,206,,,,172
334,10067,AltariaMega Altaria,Dragon,Fairy,590,75,110,110,110,105,80,3,FALSE,ER,,100,,15,206,,,,207
335,335,Zangoose,Normal,,458,73,115,60,60,60,90,3,FALSE,ER,,100,,13,403,,,,160
336,336,Seviper,Poison,,458,73,100,60,100,60,65,3,FALSE,FL,,100,,27,525,,,,160
337,337,Lunatone,Rock,Psychic,440,70,55,65,95,85,70,3,FALSE,FA,,100,,10,1680,,,,154
338,338,Solrock,Rock,Psychic,440,70,95,85,55,65,70,3,FALSE,FA,,100,,12,1540,,,,154
339,339,Barboach,Water,Ground,288,50,48,43,46,41,60,3,FALSE,MF,,100,,4,19,,,,58
340,340,Whiscash,Water,Ground,468,110,78,73,76,71,60,3,FALSE,MF,,100,,9,236,,,,164
341,341,Corphish,Water,,308,43,80,65,50,35,35,3,FALSE,FL,,100,,6,115,,,,62
342,342,Crawdaunt,Water,Dark,468,63,120,85,90,55,55,3,FALSE,FL,,100,,11,328,,,,164
343,343,Baltoy,Ground,Psychic,300,40,40,55,40,70,55,3,FALSE,MF,,100,,5,215,,,,60
344,344,Claydol,Ground,Psychic,500,60,70,105,70,120,75,3,FALSE,MF,,100,,15,1080,,,,175
345,345,Lileep,Rock,Grass,355,66,41,77,61,87,23,3,FALSE,ER,,100,,10,238,,,,71
346,346,Cradily,Rock,Grass,495,86,81,97,81,107,43,3,FALSE,ER,,100,,15,604,,,,173
347,347,Anorith,Rock,Bug,355,45,95,50,40,50,75,3,FALSE,ER,,100,,7,125,,,,71
348,348,Armaldo,Rock,Bug,495,75,125,100,70,80,45,3,FALSE,ER,,100,,15,682,,,,173
349,349,Feebas,Water,,200,20,15,20,10,55,80,3,FALSE,ER,,100,,6,74,,,,40
350,350,Milotic,Water,,540,95,60,79,100,125,81,3,FALSE,ER,,100,,62,1620,,,,189
351,351,Castform,Normal,,420,70,70,70,70,70,70,3,FALSE,MF,50,50,,3,8,,,,147
351,10013,Castform(Sunny),Fire,,420,70,70,70,70,70,70,3,FALSE,MF,50,50,,3,8,,,,147
351,10014,Castform(Rainy),Water,,420,70,70,70,70,70,70,3,FALSE,MF,50,50,,3,8,,,,147
351,10015,Castform(Snowy),Ice,,420,70,70,70,70,70,70,3,FALSE,MF,50,50,,3,8,,,,147
352,352,Kecleon,Normal,,440,60,90,70,60,120,40,3,FALSE,MS,,100,,10,220,,,,154
353,353,Shuppet,Ghost,,295,44,75,35,63,33,45,3,FALSE,FA,,100,,6,23,,,,59
354,354,Banette,Ghost,,455,64,115,65,83,63,65,3,FALSE,FA,,100,,11,125,,,,159
354,10056,BanetteMega Banette,Ghost,,555,64,165,75,93,83,75,3,FALSE,FA,,100,,12,130,,,,194
355,355,Duskull,Ghost,,295,20,40,90,30,90,25,3,FALSE,FA,,100,,8,150,,,,59
356,356,Dusclops,Ghost,,455,40,70,130,60,130,25,3,FALSE,FA,,100,,16,306,,,,159
357,357,Tropius,Grass,Flying,460,99,68,83,72,87,51,3,FALSE,SL,,100,,20,1000,,,,161
358,358,Chimecho,Psychic,,425,65,50,70,95,80,65,3,FALSE,FA,,100,,6,10,,,,149
359,359,Absol,Dark,,465,65,130,60,75,60,75,3,FALSE,MS,,100,,12,470,,,,163
359,10057,AbsolMega Absol,Dark,,565,65,150,60,115,60,115,3,FALSE,MS,,100,,12,490,,,,198
360,360,Wynaut,Psychic,,260,95,23,48,23,48,23,3,FALSE,MF,,100,,6,140,,,,52
361,361,Snorunt,Ice,,300,50,50,50,50,50,50,3,FALSE,MF,,100,,7,168,,,,60
362,362,Glalie,Ice,,480,80,80,80,80,80,80,3,FALSE,MF,,100,,15,2565,,,,168
362,10074,GlalieMega Glalie,Ice,,580,80,120,80,120,80,100,3,FALSE,MF,,100,,21,3502,,,,203
363,363,Spheal,Ice,Water,290,70,40,50,55,50,25,3,FALSE,MS,,100,,8,395,,,,58
364,364,Sealeo,Ice,Water,410,90,60,70,75,70,45,3,FALSE,MS,,100,,11,876,,,,144
365,365,Walrein,Ice,Water,530,110,80,90,95,90,65,3,FALSE,MS,,100,,14,1506,,,,239
366,366,Clamperl,Water,,345,35,64,85,74,55,32,3,FALSE,ER,,100,,4,525,,,,69
367,367,Huntail,Water,,485,55,104,105,94,75,52,3,FALSE,ER,,100,,17,270,,,,170
368,368,Gorebyss,Water,,485,55,84,105,114,75,52,3,FALSE,ER,,100,,18,226,,,,170
369,369,Relicanth,Water,Rock,485,100,90,130,45,65,55,3,FALSE,SL,,100,,10,234,,,,170
370,370,Luvdisc,Water,,330,43,30,55,40,65,97,3,FALSE,FA,,100,,6,87,,,,116
371,371,Bagon,Dragon,,300,45,75,60,40,30,50,3,FALSE,SL,,100,,6,421,,,,60
372,372,Shelgon,Dragon,,420,65,95,100,60,50,50,3,FALSE,SL,,100,,11,1105,,,,147
373,373,Salamence,Dragon,Flying,600,95,135,80,110,80,100,3,FALSE,SL,,100,,15,1026,,,,270
373,10089,SalamenceMega Salamence,Dragon,Flying,700,95,145,130,120,90,120,3,FALSE,SL,,100,,18,1126,,,,315
374,374,Beldum,Steel,Psychic,300,40,55,80,35,60,30,3,FALSE,SL,,100,,6,952,,,,60
375,375,Metang,Steel,Psychic,420,60,75,100,55,80,50,3,FALSE,SL,,100,,12,2025,,,,147
376,376,Metagross,Steel,Psychic,600,80,135,130,95,90,70,3,FALSE,SL,,100,,16,5500,,,,270
376,10076,MetagrossMega Metagross,Steel,Psychic,700,80,145,150,105,110,110,3,FALSE,SL,,100,,25,9429,,,,315
377,377,Regirock,Rock,,580,80,100,200,50,100,50,3,TRUE,SL,,100,,17,2300,,,,261
378,378,Regice,Ice,,580,80,50,100,100,200,50,3,TRUE,SL,,100,,18,1750,,,,261
379,379,Registeel,Steel,,580,80,75,150,75,150,50,3,TRUE,SL,,100,,19,2050,,,,261
380,380,Latias,Dragon,Psychic,600,80,80,90,110,130,110,3,TRUE,SL,,100,,14,400,,,,270
380,10062,LatiasMega Latias,Dragon,Psychic,700,80,100,120,140,150,110,3,TRUE,SL,,100,,18,520,,,,315
381,381,Latios,Dragon,Psychic,600,80,90,80,130,110,110,3,TRUE,SL,,100,,20,600,,,,270
381,10063,LatiosMega Latios,Dragon,Psychic,700,80,130,100,160,120,110,3,TRUE,SL,,100,,23,700,,,,315
382,382,Kyogre,Water,,670,100,100,90,150,140,90,3,TRUE,SL,,100,,45,3520,,,,302
382,10077,KyogrePrimal Kyogre,Water,,770,100,150,90,180,160,90,3,TRUE,SL,,100,,98,4300,,,,347
383,383,Groudon,Ground,,670,100,150,140,100,90,90,3,TRUE,SL,,100,,35,9500,,,,302
383,10078,GroudonPrimal Groudon,Ground,Fire,770,100,180,160,150,90,90,3,TRUE,SL,,100,,50,9997,,,,347
384,384,Rayquaza,Dragon,Flying,680,105,150,90,150,90,95,3,TRUE,SL,,100,,70,2065,,,,306
384,10079,RayquazaMega Rayquaza,Dragon,Flying,780,105,180,100,180,100,115,3,TRUE,SL,,100,,108,3920,,,,351
385,385,Jirachi,Steel,Psychic,600,100,100,100,100,100,100,3,TRUE,SL,,100,,3,11,,,,270
386,386,DeoxysNormal Forme,Psychic,,600,50,150,50,150,50,150,3,TRUE,SL,,100,,17,608,,,,270
386,10001,DeoxysAttack Forme,Psychic,,600,50,180,20,180,20,150,3,TRUE,SL,,100,,17,608,,,,270
386,10002,DeoxysDefense Forme,Psychic,,600,50,70,160,70,160,90,3,TRUE,SL,,100,,17,608,,,,270
386,10003,DeoxysSpeed Forme,Psychic,,600,50,95,90,95,90,180,3,TRUE,SL,,100,,17,608,,,,270
387,387,Turtwig,Grass,,318,55,68,64,45,55,31,4,FALSE,MS,,100,,4,102,,,,64
388,388,Grotle,Grass,,405,75,89,85,55,65,36,4,FALSE,MS,,100,,11,970,,,,142
389,389,Torterra,Grass,Ground,525,95,109,105,75,85,56,4,FALSE,MS,,100,,22,3100,,,,236
390,390,Chimchar,Fire,,309,44,58,44,58,44,61,4,FALSE,MS,,100,,5,62,,,,62
391,391,Monferno,Fire,Fighting,405,64,78,52,78,52,81,4,FALSE,MS,,100,,9,220,,,,142
392,392,Infernape,Fire,Fighting,534,76,104,71,104,71,108,4,FALSE,MS,,100,,12,550,,,,240
393,393,Piplup,Water,,314,53,51,53,61,56,40,4,FALSE,MS,,100,,4,52,,,,63
394,394,Prinplup,Water,,405,64,66,68,81,76,50,4,FALSE,MS,,100,,8,230,,,,142
395,395,Empoleon,Water,Steel,530,84,86,88,111,101,60,4,FALSE,MS,,100,,17,845,,,,239
396,396,Starly,Normal,Flying,245,40,55,30,30,30,60,4,FALSE,MS,,100,,3,20,,,,49
397,397,Staravia,Normal,Flying,340,55,75,50,40,40,80,4,FALSE,MS,,100,,6,155,,,,119
398,398,Staraptor,Normal,Flying,485,85,120,70,50,60,100,4,FALSE,MS,,100,,12,249,,,,218
399,399,Bidoof,Normal,,250,59,45,40,35,40,31,4,FALSE,MF,,100,,5,200,,,,50
400,400,Bibarel,Normal,Water,410,79,85,60,55,60,71,4,FALSE,MF,,100,,10,315,,,,144
401,401,Kricketot,Bug,,194,37,25,41,25,41,25,4,FALSE,MS,,100,,3,22,,,,39
402,402,Kricketune,Bug,,384,77,85,51,55,51,65,4,FALSE,MS,,100,,10,255,,,,134
403,403,Shinx,Electric,,263,45,65,34,40,34,45,4,FALSE,MS,,100,,5,95,,,,53
404,404,Luxio,Electric,,363,60,85,49,60,49,60,4,FALSE,MS,,100,,9,305,,,,127
405,405,Luxray,Electric,,523,80,120,79,95,79,70,4,FALSE,MS,,100,,14,420,,,,235
406,406,Budew,Grass,Poison,280,40,30,35,50,70,55,4,FALSE,MS,,100,,2,12,,,,56
407,407,Roserade,Grass,Poison,515,60,70,65,125,105,90,4,FALSE,MS,,100,,9,145,,,,232
408,408,Cranidos,Rock,,350,67,125,40,30,30,58,4,FALSE,ER,,100,,9,315,,,,70
409,409,Rampardos,Rock,,495,97,165,60,65,50,58,4,FALSE,ER,,100,,16,1025,,,,173
410,410,Shieldon,Rock,Steel,350,30,42,118,42,88,30,4,FALSE,ER,,100,,5,570,,,,70
411,411,Bastiodon,Rock,Steel,495,60,52,168,47,138,30,4,FALSE,ER,,100,,13,1495,,,,173
412,412,Burmy,Bug,,224,40,29,45,29,45,36,4,FALSE,MF,,100,,2,34,,,,45
413,413,WormadamPlant Cloak,Bug,Grass,424,60,59,85,79,105,36,4,FALSE,MF,,100,,5,65,,,,148
413,10004,WormadamSandy Cloak,Bug,Ground,424,60,79,105,59,85,36,4,FALSE,MF,,100,,5,65,,,,148
413,10005,WormadamTrash Cloak,Bug,Steel,424,60,69,95,69,95,36,4,FALSE,MF,,100,,5,65,,,,148
414,414,Mothim,Bug,Flying,424,70,94,50,94,50,66,4,FALSE,MF,,100,,9,233,,,,148
415,415,Combee,Bug,Flying,244,30,30,42,30,42,70,4,FALSE,MS,,100,,3,55,,,,49
416,416,Vespiquen,Bug,Flying,474,70,80,102,80,102,40,4,FALSE,MS,,100,,12,385,,,,166
417,417,Pachirisu,Electric,,405,60,45,70,45,90,95,4,FALSE,MF,,100,,4,39,,,,142
418,418,Buizel,Water,,330,55,65,35,60,30,85,4,FALSE,MF,,100,,7,295,,,,66
419,419,Floatzel,Water,,495,85,105,55,85,50,115,4,FALSE,MF,,100,,11,335,,,,173
420,420,Cherubi,Grass,,275,45,35,45,62,53,35,4,FALSE,MF,,100,,4,33,,,,55
421,421,Cherrim,Grass,,450,70,60,70,87,78,85,4,FALSE,MF,,100,,5,93,,,,158
422,422,Shellos,Water,,325,76,48,48,57,62,34,4,FALSE,MF,,100,,3,63,,,,65
423,423,Gastrodon,Water,Ground,475,111,83,68,92,82,39,4,FALSE,MF,,100,,9,299,,,,166
424,424,Ambipom,Normal,,482,75,100,66,60,66,115,4,FALSE,FA,,100,,12,203,,,,169
425,425,Drifloon,Ghost,Flying,348,90,50,34,60,44,70,4,FALSE,FL,,100,,4,12,,,,70
426,426,Drifblim,Ghost,Flying,498,150,80,44,90,54,80,4,FALSE,FL,,100,,12,150,,,,174
427,427,Buneary,Normal,,350,55,66,44,44,56,85,4,FALSE,MF,,100,,4,55,,,,70
428,428,Lopunny,Normal,,480,65,76,84,54,96,105,4,FALSE,MF,,100,,12,333,,,,168
428,10088,LopunnyMega Lopunny,Normal,Fighting,580,65,136,94,54,96,135,4,FALSE,MF,,100,,13,283,,,,203
429,429,Mismagius,Ghost,,495,60,60,60,105,105,105,4,FALSE,FA,,100,,9,44,,,,173
430,430,Honchkrow,Dark,Flying,505,100,125,52,105,52,71,4,FALSE,MS,,100,,9,273,,,,177
431,431,Glameow,Normal,,310,49,55,42,42,37,85,4,FALSE,FA,,100,,5,39,,,,62
432,432,Purugly,Normal,,452,71,82,64,64,59,112,4,FALSE,FA,,100,,10,438,,,,158
433,433,Chingling,Psychic,,285,45,30,50,65,50,45,4,FALSE,FA,,100,,2,6,,,,57
434,434,Stunky,Poison,Dark,329,63,63,47,41,41,74,4,FALSE,MF,,100,,4,192,,,,66
435,435,Skuntank,Poison,Dark,479,103,93,67,71,61,84,4,FALSE,MF,,100,,10,380,,,,168
436,436,Bronzor,Steel,Psychic,300,57,24,86,24,86,23,4,FALSE,MF,,100,,5,605,,,,60
437,437,Bronzong,Steel,Psychic,500,67,89,116,79,116,33,4,FALSE,MF,,100,,13,1870,,,,175
438,438,Bonsly,Rock,,290,50,80,95,10,45,10,4,FALSE,MF,,100,,5,150,,,,58
439,439,Mime Jr.,Psychic,Fairy,310,20,25,45,70,90,60,4,FALSE,MF,,100,,6,130,,,,62
440,440,Happiny,Normal,,220,100,5,5,15,65,30,4,FALSE,FA,,100,,6,244,,,,110
441,441,Chatot,Normal,Flying,411,76,65,45,92,42,91,4,FALSE,MS,,100,,5,19,,,,144
442,442,Spiritomb,Ghost,Dark,485,50,92,108,92,108,35,4,FALSE,MF,,100,,10,1080,,,,170
443,443,Gible,Dragon,Ground,300,58,70,45,40,45,42,4,FALSE,SL,,100,,7,205,,,,60
444,444,Gabite,Dragon,Ground,410,68,90,65,50,55,82,4,FALSE,SL,,100,,14,560,,,,144
445,445,Garchomp,Dragon,Ground,600,108,130,95,80,85,102,4,FALSE,SL,,100,,19,950,,,,270
445,10058,GarchompMega Garchomp,Dragon,Ground,700,108,170,115,120,95,92,4,FALSE,SL,,100,,19,950,,,,315
446,446,Munchlax,Normal,,390,135,85,40,40,85,5,4,FALSE,SL,,100,,6,1050,,,,78
447,447,Riolu,Fighting,,285,40,70,40,35,40,60,4,FALSE,MS,,100,,7,202,,,,57
448,448,Lucario,Fighting,Steel,525,70,110,70,115,70,90,4,FALSE,MS,,100,,12,540,,,,184
448,10059,LucarioMega Lucario,Fighting,Steel,625,70,145,88,140,70,112,4,FALSE,MS,,100,,13,575,,,,219
449,449,Hippopotas,Ground,,330,68,72,78,38,42,32,4,FALSE,SL,,100,,8,495,,,,66
450,450,Hippowdon,Ground,,525,108,112,118,68,72,47,4,FALSE,SL,,100,,20,3000,,,,184
451,451,Skorupi,Poison,Bug,330,40,50,90,30,55,65,4,FALSE,SL,,100,,8,120,,,,66
452,452,Drapion,Poison,Dark,500,70,90,110,60,75,95,4,FALSE,SL,,100,,13,615,,,,175
453,453,Croagunk,Poison,Fighting,300,48,61,40,61,40,50,4,FALSE,MF,,100,,7,230,,,,60
454,454,Toxicroak,Poison,Fighting,490,83,106,65,86,65,85,4,FALSE,MF,,100,,13,444,,,,172
455,455,Carnivine,Grass,,454,74,100,72,90,72,46,4,FALSE,SL,,100,,14,270,,,,159
456,456,Finneon,Water,,330,49,49,56,49,61,66,4,FALSE,ER,,100,,4,70,,,,66
457,457,Lumineon,Water,,460,69,69,76,69,86,91,4,FALSE,ER,,100,,12,240,,,,161
458,458,Mantyke,Water,Flying,345,45,20,50,60,120,50,4,FALSE,SL,,100,,10,650,,,,69
459,459,Snover,Grass,Ice,334,60,62,50,62,60,40,4,FALSE,SL,,100,,10,505,,,,67
460,460,Abomasnow,Grass,Ice,494,90,92,75,92,85,60,4,FALSE,SL,,100,,22,1355,,,,173
460,10060,AbomasnowMega Abomasnow,Grass,Ice,594,90,132,105,132,105,30,4,FALSE,SL,,100,,27,1850,,,,208
461,461,Weavile,Dark,Ice,510,70,120,65,45,85,125,4,FALSE,MS,,100,,11,340,,,,179
462,462,Magnezone,Electric,Steel,535,70,70,115,130,90,60,4,FALSE,MF,,100,,12,1800,,,,241
463,463,Lickilicky,Normal,,515,110,85,95,80,95,50,4,FALSE,MF,,100,,17,1400,,,,180
464,464,Rhyperior,Ground,Rock,535,115,140,130,55,55,40,4,FALSE,SL,,100,,24,2828,,,,241
465,465,Tangrowth,Grass,,535,100,100,125,110,50,50,4,FALSE,MF,,100,,20,1286,,,,187
466,466,Electivire,Electric,,540,75,123,67,95,85,95,4,FALSE,MF,,100,,18,1386,,,,243
467,467,Magmortar,Fire,,540,75,95,67,125,95,83,4,FALSE,MF,,100,,16,680,,,,243
468,468,Togekiss,Fairy,Flying,545,85,50,95,120,115,80,4,FALSE,FA,,100,,15,380,,,,245
469,469,Yanmega,Bug,Flying,515,86,76,86,116,56,95,4,FALSE,MF,,100,,19,515,,,,180
470,470,Leafeon,Grass,,525,65,110,130,60,65,95,4,FALSE,MF,,100,,10,255,,,,184
471,471,Glaceon,Ice,,525,65,60,110,130,95,65,4,FALSE,MF,,100,,8,259,,,,184
472,472,Gliscor,Ground,Flying,510,75,95,125,45,75,95,4,FALSE,MS,,100,,20,425,,,,179
473,473,Mamoswine,Ice,Ground,530,110,130,80,70,60,80,4,FALSE,SL,,100,,25,2910,,,,239
474,474,Porygon-Z,Normal,,535,85,80,70,135,75,90,4,FALSE,MF,,100,,9,340,,,,241
475,475,Gallade,Psychic,Fighting,518,68,125,65,65,115,80,4,FALSE,SL,,100,,16,520,,,,233
475,10068,GalladeMega Gallade,Psychic,Fighting,618,68,165,95,65,115,110,4,FALSE,SL,,100,,16,564,,,,278
476,476,Probopass,Rock,Steel,525,60,55,145,75,150,40,4,FALSE,MF,,100,,14,3400,,,,184
477,477,Dusknoir,Ghost,,525,45,100,135,65,135,45,4,FALSE,FA,,100,,22,1066,,,,236
478,478,Froslass,Ice,Ghost,480,70,80,70,80,70,110,4,FALSE,MF,,100,,13,266,,,,168
479,479,Rotom,Electric,Ghost,440,50,50,77,95,77,91,4,FALSE,MF,,100,,3,3,,,,154
479,10008,RotomHeat Rotom,Electric,Fire,520,50,65,107,105,107,86,4,FALSE,MF,,100,,3,3,,,,182
479,10009,RotomWash Rotom,Electric,Water,520,50,65,107,105,107,86,4,FALSE,MF,,100,,3,3,,,,182
479,10010,RotomFrost Rotom,Electric,Ice,520,50,65,107,105,107,86,4,FALSE,MF,,100,,3,3,,,,182
479,10011,RotomFan Rotom,Electric,Flying,520,50,65,107,105,107,86,4,FALSE,MF,,100,,3,3,,,,182
479,10012,RotomMow Rotom,Electric,Grass,520,50,65,107,105,107,86,4,FALSE,MF,,100,,3,3,,,,182
480,480,Uxie,Psychic,,580,75,75,130,75,130,95,4,TRUE,SL,,100,,3,3,,,,261
481,481,Mesprit,Psychic,,580,80,105,105,105,105,80,4,TRUE,SL,,100,,3,3,,,,261
482,482,Azelf,Psychic,,580,75,125,70,125,70,115,4,TRUE,SL,,100,,3,3,,,,261
483,483,Dialga,Steel,Dragon,680,100,120,120,150,100,90,4,TRUE,SL,,100,,54,6830,,,,306
484,484,Palkia,Water,Dragon,680,90,120,100,150,120,100,4,TRUE,SL,,100,,42,3360,,,,306
485,485,Heatran,Fire,Steel,600,91,90,106,130,106,77,4,TRUE,SL,,100,,17,4300,,,,270
486,486,Regigigas,Normal,,670,110,160,110,80,110,100,4,TRUE,SL,,100,,37,4200,,,,302
487,487,GiratinaAltered Forme,Ghost,Dragon,680,150,100,120,100,120,90,4,TRUE,SL,,100,,45,7500,,,,306
487,10007,GiratinaOrigin Forme,Ghost,Dragon,680,150,120,100,120,100,90,4,TRUE,SL,,100,,69,6500,,,,306
488,488,Cresselia,Psychic,,600,120,70,120,75,130,85,4,FALSE,SL,,100,,15,856,,,,270
489,489,Phione,Water,,480,80,80,80,80,80,80,4,TRUE,SL,,100,,4,31,,,,216
490,490,Manaphy,Water,,600,100,100,100,100,100,100,4,TRUE,SL,,100,,3,14,,,,270
491,491,Darkrai,Dark,,600,70,90,90,135,90,125,4,TRUE,SL,,100,,15,505,,,,270
492,492,ShayminLand Forme,Grass,,600,100,100,100,100,100,100,4,TRUE,MF,,100,,2,21,,,,270
492,10006,ShayminSky Forme,Grass,Flying,600,100,103,75,120,75,127,4,TRUE,MF,,100,,4,52,,,,270
493,493,Arceus,Normal,,720,120,120,120,120,120,120,4,TRUE,SL,,100,,32,3200,,,,324
494,494,Victini,Psychic,Fire,600,100,100,100,100,100,100,5,TRUE,SL,,100,,4,40,,,,270
495,495,Snivy,Grass,,308,45,45,55,45,55,63,5,FALSE,MS,,100,,6,81,,,,62
496,496,Servine,Grass,,413,60,60,75,60,75,83,5,FALSE,MS,,100,,8,160,,,,145
497,497,Serperior,Grass,,528,75,75,95,75,95,113,5,FALSE,MS,,100,,33,630,,,,238
498,498,Tepig,Fire,,308,65,63,45,45,45,45,5,FALSE,MS,,100,,5,99,,,,62
499,499,Pignite,Fire,Fighting,418,90,93,55,70,55,55,5,FALSE,MS,,100,,10,555,,,,146
500,500,Emboar,Fire,Fighting,528,110,123,65,100,65,65,5,FALSE,MS,,100,,16,1500,,,,238
501,501,Oshawott,Water,,308,55,55,45,63,45,45,5,FALSE,MS,,100,,5,59,,,,62
502,502,Dewott,Water,,413,75,75,60,83,60,60,5,FALSE,MS,,100,,8,245,,,,145
503,503,Samurott,Water,,528,95,100,85,108,70,70,5,FALSE,MS,,100,,15,946,,,,238
504,504,Patrat,Normal,,255,45,55,39,35,39,42,5,FALSE,MF,,100,,5,116,,,,51
505,505,Watchog,Normal,,420,60,85,69,60,69,77,5,FALSE,MF,,100,,11,270,,,,147
506,506,Lillipup,Normal,,275,45,60,45,25,45,55,5,FALSE,MS,,100,,4,41,,,,55
507,507,Herdier,Normal,,370,65,80,65,35,65,60,5,FALSE,MS,,100,,9,147,,,,130
508,508,Stoutland,Normal,,500,85,110,90,45,90,80,5,FALSE,MS,,100,,12,610,,,,225
509,509,Purrloin,Dark,,281,41,50,37,50,37,66,5,FALSE,MF,,100,,4,101,,,,56
510,510,Liepard,Dark,,446,64,88,50,88,50,106,5,FALSE,MF,,100,,11,375,,,,156
511,511,Pansage,Grass,,316,50,53,48,53,48,64,5,FALSE,MF,,100,,6,105,,,,63
512,512,Simisage,Grass,,498,75,98,63,98,63,101,5,FALSE,MF,,100,,11,305,,,,174
513,513,Pansear,Fire,,316,50,53,48,53,48,64,5,FALSE,MF,,100,,6,110,,,,63
514,514,Simisear,Fire,,498,75,98,63,98,63,101,5,FALSE,MF,,100,,10,280,,,,174
515,515,Panpour,Water,,316,50,53,48,53,48,64,5,FALSE,MF,,100,,6,135,,,,63
516,516,Simipour,Water,,498,75,98,63,98,63,101,5,FALSE,MF,,100,,10,290,,,,174
517,517,Munna,Psychic,,292,76,25,45,67,55,24,5,FALSE,FA,,100,,6,233,,,,58
518,518,Musharna,Psychic,,487,116,55,85,107,95,29,5,FALSE,FA,,100,,11,605,,,,170
519,519,Pidove,Normal,Flying,264,50,55,50,36,30,43,5,FALSE,MS,,100,,3,21,,,,53
520,520,Tranquill,Normal,Flying,358,62,77,62,50,42,65,5,FALSE,MS,,100,,6,150,,,,125
521,521,Unfezant,Normal,Flying,488,80,115,80,65,55,93,5,FALSE,MS,,100,,12,290,,,,220
522,522,Blitzle,Electric,,295,45,60,32,50,32,76,5,FALSE,MF,,100,,8,298,,,,59
523,523,Zebstrika,Electric,,497,75,100,63,80,63,116,5,FALSE,MF,,100,,16,795,,,,174
524,524,Roggenrola,Rock,,280,55,75,85,25,25,15,5,FALSE,MS,,100,,4,180,,,,56
525,525,Boldore,Rock,,390,70,105,105,50,40,20,5,FALSE,MS,,100,,9,1020,,,,137
526,526,Gigalith,Rock,,515,85,135,130,60,80,25,5,FALSE,MS,,100,,17,2600,,,,232
527,527,Woobat,Psychic,Flying,313,55,45,43,55,43,72,5,FALSE,MF,,100,,4,21,,,,63
528,528,Swoobat,Psychic,Flying,425,67,57,55,77,55,114,5,FALSE,MF,,100,,9,105,,,,149
529,529,Drilbur,Ground,,328,60,85,40,30,45,68,5,FALSE,MF,,100,,3,85,,,,66
530,530,Excadrill,Ground,Steel,508,110,135,60,50,65,88,5,FALSE,MF,,100,,7,404,,,,178
531,531,Audino,Normal,,445,103,60,86,60,86,50,5,FALSE,FA,,100,,11,310,,,,390
531,10069,AudinoMega Audino,Normal,Fairy,545,103,60,126,80,126,50,5,FALSE,FA,,100,,15,320,,,,425
532,532,Timburr,Fighting,,305,75,80,55,25,35,35,5,FALSE,MS,,100,,6,125,,,,61
533,533,Gurdurr,Fighting,,405,85,105,85,40,50,40,5,FALSE,MS,,100,,12,400,,,,142
534,534,Conkeldurr,Fighting,,505,105,140,95,55,65,45,5,FALSE,MS,,100,,14,870,,,,227
535,535,Tympole,Water,,294,50,50,40,50,40,64,5,FALSE,MS,,100,,5,45,,,,59
536,536,Palpitoad,Water,Ground,384,75,65,55,65,55,69,5,FALSE,MS,,100,,8,170,,,,134
537,537,Seismitoad,Water,Ground,509,105,95,75,85,75,74,5,FALSE,MS,,100,,15,620,,,,229
538,538,Throh,Fighting,,465,120,100,85,30,85,45,5,FALSE,MF,,100,,13,555,,,,163
539,539,Sawk,Fighting,,465,75,125,75,30,75,85,5,FALSE,MF,,100,,14,510,,,,163
540,540,Sewaddle,Bug,Grass,310,45,53,70,40,60,42,5,FALSE,MS,,100,,3,25,,,,62
541,541,Swadloon,Bug,Grass,380,55,63,90,50,80,42,5,FALSE,MS,,100,,5,73,,,,133
542,542,Leavanny,Bug,Grass,500,75,103,80,70,80,92,5,FALSE,MS,,100,,12,205,,,,225
543,543,Venipede,Bug,Poison,260,30,45,59,30,39,57,5,FALSE,MS,,100,,4,53,,,,52
544,544,Whirlipede,Bug,Poison,360,40,55,99,40,79,47,5,FALSE,MS,,100,,12,585,,,,126
545,545,Scolipede,Bug,Poison,485,60,100,89,55,69,112,5,FALSE,MS,,100,,25,2005,,,,218
546,546,Cottonee,Grass,Fairy,280,40,27,60,37,50,66,5,FALSE,MF,,100,,3,6,,,,56
547,547,Whimsicott,Grass,Fairy,480,60,67,85,77,75,116,5,FALSE,MF,,100,,7,66,,,,168
548,548,Petilil,Grass,,280,45,35,50,70,50,30,5,FALSE,MF,,100,,5,66,,,,56
549,549,Lilligant,Grass,,480,70,60,75,110,75,90,5,FALSE,MF,,100,,11,163,,,,168
550,550,Basculin(Red-Stripe),Water,,460,70,92,65,80,55,98,5,FALSE,MF,,100,,10,180,,,,161
550,10016,Basculin(Blue-Stripe),Water,,460,70,92,65,80,55,98,5,FALSE,MF,,100,,10,180,,,,161
551,551,Sandile,Ground,Dark,292,50,72,35,35,35,65,5,FALSE,MS,,100,,7,152,,,,58
552,552,Krokorok,Ground,Dark,351,60,82,45,45,45,74,5,FALSE,MS,,100,,10,334,,,,123
553,553,Krookodile,Ground,Dark,519,95,117,80,65,70,92,5,FALSE,MS,,100,,15,963,,,,234
554,554,Darumaka,Fire,,315,70,90,45,15,45,50,5,FALSE,MS,,100,,6,375,,,,63
555,555,DarmanitanStandard Mode,Fire,,480,105,140,55,30,55,95,5,FALSE,MS,,100,,13,929,,,,168
555,10017,DarmanitanZen Mode,Fire,Psychic,540,105,30,105,140,105,55,5,FALSE,MS,,100,,13,929,,,,189
556,556,Maractus,Grass,,461,75,86,67,106,67,60,5,FALSE,MF,,100,,10,280,,,,161
557,557,Dwebble,Bug,Rock,325,50,65,85,35,35,55,5,FALSE,MF,,100,,3,145,,,,65
558,558,Crustle,Bug,Rock,475,70,95,125,65,75,45,5,FALSE,MF,,100,,14,2000,,,,166
559,559,Scraggy,Dark,Fighting,348,50,75,70,35,70,48,5,FALSE,MF,,100,,6,118,,,,70
560,560,Scrafty,Dark,Fighting,488,65,90,115,45,115,58,5,FALSE,MF,,100,,11,300,,,,171
561,561,Sigilyph,Psychic,Flying,490,72,58,80,103,80,97,5,FALSE,MF,,100,,14,140,,,,172
562,562,Yamask,Ghost,,303,38,30,85,55,65,30,5,FALSE,MF,,100,,5,15,,,,61
563,563,Cofagrigus,Ghost,,483,58,50,145,95,105,30,5,FALSE,MF,,100,,17,765,,,,169
564,564,Tirtouga,Water,Rock,355,54,78,103,53,45,22,5,FALSE,MF,,100,,7,165,,,,71
565,565,Carracosta,Water,Rock,495,74,108,133,83,65,32,5,FALSE,MF,,100,,12,810,,,,173
566,566,Archen,Rock,Flying,401,55,112,45,74,45,70,5,FALSE,MF,,100,,5,95,,,,71
567,567,Archeops,Rock,Flying,567,75,140,65,112,65,110,5,FALSE,MF,,100,,14,320,,,,177
568,568,Trubbish,Poison,,329,50,50,62,40,62,65,5,FALSE,MF,,100,,6,310,,,,66
569,569,Garbodor,Poison,,474,80,95,82,60,82,75,5,FALSE,MF,,100,,19,1073,,,,166
570,570,Zorua,Dark,,330,40,65,40,80,40,65,5,FALSE,MS,,100,,7,125,,,,66
571,571,Zoroark,Dark,,510,60,105,60,120,60,105,5,FALSE,MS,,100,,16,811,,,,179
572,572,Minccino,Normal,,300,55,50,40,40,40,75,5,FALSE,FA,,100,,4,58,,,,60
573,573,Cinccino,Normal,,470,75,95,60,65,60,115,5,FALSE,FA,,100,,5,75,,,,165
574,574,Gothita,Psychic,,290,45,30,50,55,65,45,5,FALSE,MS,,100,,4,58,,,,58
575,575,Gothorita,Psychic,,390,60,45,70,75,85,55,5,FALSE,MS,,100,,7,180,,,,137
576,576,Gothitelle,Psychic,,490,70,55,95,95,110,65,5,FALSE,MS,,100,,15,440,,,,221
577,577,Solosis,Psychic,,290,45,30,40,105,50,20,5,FALSE,MS,,100,,3,10,,,,58
578,578,Duosion,Psychic,,370,65,40,50,125,60,30,5,FALSE,MS,,100,,6,80,,,,130
579,579,Reuniclus,Psychic,,490,110,65,75,125,85,30,5,FALSE,MS,,100,,10,201,,,,221
580,580,Ducklett,Water,Flying,305,62,44,50,44,50,55,5,FALSE,MF,,100,,5,55,,,,61
581,581,Swanna,Water,Flying,473,75,87,63,87,63,98,5,FALSE,MF,,100,,13,242,,,,166
582,582,Vanillite,Ice,,305,36,50,50,65,60,44,5,FALSE,SL,,100,,4,57,,,,61
583,583,Vanillish,Ice,,395,51,65,65,80,75,59,5,FALSE,SL,,100,,11,410,,,,138
584,584,Vanilluxe,Ice,,535,71,95,85,110,95,79,5,FALSE,SL,,100,,13,575,,,,241
585,585,Deerling,Normal,Grass,335,60,60,50,40,50,75,5,FALSE,MF,,100,,6,195,,,,67
586,586,Sawsbuck,Normal,Grass,475,80,100,70,60,70,95,5,FALSE,MF,,100,,19,925,,,,166
587,587,Emolga,Electric,Flying,428,55,75,60,75,60,103,5,FALSE,MF,,100,,4,50,,,,150
588,588,Karrablast,Bug,,315,50,75,45,40,45,60,5,FALSE,MF,,100,,5,59,,,,63
589,589,Escavalier,Bug,Steel,495,70,135,105,60,105,20,5,FALSE,MF,,100,,10,330,,,,173
590,590,Foongus,Grass,Poison,294,69,55,45,55,55,15,5,FALSE,MF,,100,,2,10,,,,59
591,591,Amoonguss,Grass,Poison,464,114,85,70,85,80,30,5,FALSE,MF,,100,,6,105,,,,162
592,592,Frillish,Water,Ghost,335,55,40,50,65,85,40,5,FALSE,MF,,100,,12,330,,,,67
593,593,Jellicent,Water,Ghost,480,100,60,70,85,105,60,5,FALSE,MF,,100,,22,1350,,,,168
594,594,Alomomola,Water,,470,165,75,80,40,45,65,5,FALSE,FA,,100,,12,316,,,,165
595,595,Joltik,Bug,Electric,319,50,47,50,57,50,65,5,FALSE,MF,,100,,1,6,,,,64
596,596,Galvantula,Bug,Electric,472,70,77,60,97,60,108,5,FALSE,MF,,100,,8,143,,,,165
597,597,Ferroseed,Grass,Steel,305,44,50,91,24,86,10,5,FALSE,MF,,100,,6,188,,,,61
598,598,Ferrothorn,Grass,Steel,489,74,94,131,54,116,20,5,FALSE,MF,,100,,10,1100,,,,171
599,599,Klink,Steel,,300,40,55,70,45,60,30,5,FALSE,MS,,100,,3,210,,,,60
600,600,Klang,Steel,,440,60,80,95,70,85,50,5,FALSE,MS,,100,,6,510,,,,154
601,601,Klinklang,Steel,,520,60,100,115,70,85,90,5,FALSE,MS,,100,,6,810,,,,234
602,602,Tynamo,Electric,,275,35,55,40,45,40,60,5,FALSE,SL,,100,,2,3,,,,55
603,603,Eelektrik,Electric,,405,65,85,70,75,70,40,5,FALSE,SL,,100,,12,220,,,,142
604,604,Eelektross,Electric,,515,85,115,80,105,80,50,5,FALSE,SL,,100,,21,805,,,,232
605,605,Elgyem,Psychic,,335,55,55,55,85,55,30,5,FALSE,MF,,100,,5,90,,,,67
606,606,Beheeyem,Psychic,,485,75,75,75,125,95,40,5,FALSE,MF,,100,,10,345,,,,170
607,607,Litwick,Ghost,Fire,275,50,30,55,65,55,20,5,FALSE,MS,,100,,3,31,,,,55
608,608,Lampent,Ghost,Fire,370,60,40,60,95,60,55,5,FALSE,MS,,100,,6,130,,,,130
609,609,Chandelure,Ghost,Fire,520,60,55,90,145,90,80,5,FALSE,MS,,100,,10,343,,,,234
610,610,Axew,Dragon,,320,46,87,60,30,40,57,5,FALSE,SL,,100,,6,180,,,,64
611,611,Fraxure,Dragon,,410,66,117,70,40,50,67,5,FALSE,SL,,100,,10,360,,,,144
612,612,Haxorus,Dragon,,540,76,147,90,60,70,97,5,FALSE,SL,,100,,18,1055,,,,243
613,613,Cubchoo,Ice,,305,55,70,40,60,40,40,5,FALSE,MF,,100,,5,85,,,,61
614,614,Beartic,Ice,,485,95,110,80,70,80,50,5,FALSE,MF,,100,,26,2600,,,,170
615,615,Cryogonal,Ice,,485,70,50,30,95,135,105,5,FALSE,MF,,100,,11,1480,,,,170
616,616,Shelmet,Bug,,305,50,40,85,40,65,25,5,FALSE,MF,,100,,4,77,,,,61
617,617,Accelgor,Bug,,495,80,70,40,100,60,145,5,FALSE,MF,,100,,8,253,,,,173
618,618,Stunfisk,Ground,Electric,471,109,66,84,81,99,32,5,FALSE,MF,,100,,7,110,,,,165
619,619,Mienfoo,Fighting,,350,45,85,50,55,50,65,5,FALSE,MS,,100,,9,200,,,,70
620,620,Mienshao,Fighting,,510,65,125,60,95,60,105,5,FALSE,MS,,100,,14,355,,,,179
621,621,Druddigon,Dragon,,485,77,120,90,60,90,48,5,FALSE,MF,,100,,16,1390,,,,170
622,622,Golett,Ground,Ghost,303,59,74,50,35,50,35,5,FALSE,MF,,100,,10,920,,,,61
623,623,Golurk,Ground,Ghost,483,89,124,80,55,80,55,5,FALSE,MF,,100,,28,3300,,,,169
624,624,Pawniard,Dark,Steel,340,45,85,70,40,40,60,5,FALSE,MF,,100,,5,102,,,,68
625,625,Bisharp,Dark,Steel,490,65,125,100,60,70,70,5,FALSE,MF,,100,,16,700,,,,172
626,626,Bouffalant,Normal,,490,95,110,95,40,95,55,5,FALSE,MF,,100,,16,946,,,,172
627,627,Rufflet,Normal,Flying,350,70,83,50,37,50,60,5,FALSE,SL,,100,,5,105,,,,70
628,628,Braviary,Normal,Flying,510,100,123,75,57,75,80,5,FALSE,SL,,100,,15,410,,,,179
629,629,Vullaby,Dark,Flying,370,70,55,75,45,65,60,5,FALSE,SL,,100,,5,90,,,,74
630,630,Mandibuzz,Dark,Flying,510,110,65,105,55,95,80,5,FALSE,SL,,100,,12,395,,,,179
631,631,Heatmor,Fire,,484,85,97,66,105,66,65,5,FALSE,MF,,100,,14,580,,,,169
632,632,Durant,Bug,Steel,484,58,109,112,48,48,109,5,FALSE,MF,,100,,3,330,,,,169
633,633,Deino,Dark,Dragon,300,52,65,50,45,50,38,5,FALSE,SL,,100,,8,173,,,,60
634,634,Zweilous,Dark,Dragon,420,72,85,70,65,70,58,5,FALSE,SL,,100,,14,500,,,,147
635,635,Hydreigon,Dark,Dragon,600,92,105,90,125,90,98,5,FALSE,SL,,100,,18,1600,,,,270
636,636,Larvesta,Bug,Fire,360,55,85,55,50,55,60,5,FALSE,SL,,100,,11,288,,,,72
637,637,Volcarona,Bug,Fire,550,85,60,65,135,105,100,5,FALSE,SL,,100,,16,460,,,,248
638,638,Cobalion,Steel,Fighting,580,91,90,129,90,72,108,5,TRUE,SL,,100,,21,2500,,,,261
639,639,Terrakion,Rock,Fighting,580,91,129,90,72,90,108,5,TRUE,SL,,100,,19,2600,,,,261
640,640,Virizion,Grass,Fighting,580,91,90,72,90,129,108,5,TRUE,SL,,100,,20,2000,,,,261
641,641,TornadusIncarnate Forme,Flying,,580,79,115,70,125,80,111,5,TRUE,SL,,100,,15,630,,,,261
641,10019,TornadusTherian Forme,Flying,,580,79,100,80,110,90,121,5,TRUE,SL,,100,,14,630,,,,261
642,642,ThundurusIncarnate Forme,Electric,Flying,580,79,115,70,125,80,111,5,TRUE,SL,,100,,15,610,,,,261
642,10020,ThundurusTherian Forme,Electric,Flying,580,79,105,70,145,80,101,5,TRUE,SL,,100,,30,610,,,,261
643,643,Reshiram,Dragon,Fire,680,100,120,100,150,120,90,5,TRUE,SL,,100,,32,3300,,,,306
644,644,Zekrom,Dragon,Electric,680,100,150,120,120,100,90,5,TRUE,SL,,100,,29,3450,,,,306
645,645,LandorusIncarnate Forme,Ground,Flying,600,89,125,90,115,80,101,5,TRUE,SL,,100,,15,680,,,,270
645,10021,LandorusTherian Forme,Ground,Flying,600,89,145,90,105,80,91,5,TRUE,SL,,100,,13,680,,,,270
646,646,Kyurem,Dragon,Ice,660,125,130,90,130,90,95,5,TRUE,SL,,100,,30,3250,,,,297
646,10022,KyuremBlack Kyurem,Dragon,Ice,700,125,170,100,120,90,95,5,TRUE,SL,,100,,33,3250,,,,315
646,10023,KyuremWhite Kyurem,Dragon,Ice,700,125,120,90,170,100,95,5,TRUE,SL,,100,,36,3250,,,,315
647,647,KeldeoOrdinary Forme,Water,Fighting,580,91,72,90,129,90,108,5,TRUE,SL,,100,,14,485,,,,261
647,10024,KeldeoResolute Forme,Water,Fighting,580,91,72,90,129,90,108,5,TRUE,SL,,100,,14,485,,,,261
648,648,MeloettaAria Forme,Normal,Psychic,600,100,77,77,128,128,90,5,TRUE,SL,,100,,6,65,,,,270
648,10018,MeloettaPirouette Forme,Normal,Fighting,600,100,128,90,77,77,128,5,TRUE,SL,,100,,6,65,,,,270
649,649,Genesect,Bug,Steel,600,71,120,95,120,95,99,5,TRUE,SL,,100,,15,825,,,,270
650,650,Chespin,Grass,,313,56,61,65,48,45,38,6,FALSE,MS,,100,,4,90,,,,63
651,651,Quilladin,Grass,,405,61,78,95,56,58,57,6,FALSE,MS,,100,,7,290,,,,142
652,652,Chesnaught,Grass,Fighting,530,88,107,122,74,75,64,6,FALSE,MS,,100,,16,900,,,,239
653,653,Fennekin,Fire,,307,40,45,40,62,60,60,6,FALSE,MS,,100,,4,94,,,,61
654,654,Braixen,Fire,,409,59,59,58,90,70,73,6,FALSE,MS,,100,,10,145,,,,143
655,655,Delphox,Fire,Psychic,534,75,69,72,114,100,104,6,FALSE,MS,,100,,15,390,,,,240
656,656,Froakie,Water,,314,41,56,40,62,44,71,6,FALSE,MS,,100,,3,70,,,,63
657,657,Frogadier,Water,,405,54,63,52,83,56,97,6,FALSE,MS,,100,,6,109,,,,142
658,658,Greninja,Water,Dark,530,72,95,67,103,71,122,6,FALSE,MS,,100,,15,400,,,,239
659,659,Bunnelby,Normal,,237,38,36,38,32,36,57,6,FALSE,MF,,100,,4,50,,,,47
660,660,Diggersby,Normal,Ground,423,85,56,77,50,77,78,6,FALSE,MF,,100,,10,424,,,,148
661,661,Fletchling,Normal,Flying,278,45,50,43,40,38,62,6,FALSE,MS,,100,,3,17,,,,56
662,662,Fletchinder,Fire,Flying,382,62,73,55,56,52,84,6,FALSE,MS,,100,,7,160,,,,134
663,663,Talonflame,Fire,Flying,499,78,81,71,74,69,126,6,FALSE,MS,,100,,12,245,,,,175
664,664,Scatterbug,Bug,,200,38,35,40,27,25,35,6,FALSE,MF,,100,,3,25,,,,40
665,665,Spewpa,Bug,,213,45,22,60,27,30,29,6,FALSE,MF,,100,,3,84,,,,75
666,666,Vivillon,Bug,Flying,411,80,52,50,90,50,89,6,FALSE,MF,,100,,12,170,,,,185
667,667,Litleo,Fire,Normal,369,62,50,58,73,54,72,6,FALSE,MS,,100,,6,135,,,,74
668,668,Pyroar,Fire,Normal,507,86,68,72,109,66,106,6,FALSE,MS,,100,,15,815,,,,177
669,669,Flabb,Fairy,,303,44,38,39,61,79,42,6,FALSE,MF,,100,,1,1,,,,61
670,670,Floette,Fairy,,371,54,45,47,75,98,52,6,FALSE,MF,,100,,2,9,,,,130
670,10061,Floette(Eternal),Fairy,,551,74,65,67,125,128,92,8,FALSE,MF,,100,,2,9,,,,243
671,671,Florges,Fairy,,552,78,65,68,112,154,75,6,FALSE,MF,,100,,11,100,,,,248
672,672,Skiddo,Grass,,350,66,65,48,62,57,52,6,FALSE,MF,,100,,9,310,,,,70
673,673,Gogoat,Grass,,531,123,100,62,97,81,68,6,FALSE,MF,,100,,17,910,,,,186
674,674,Pancham,Fighting,,348,67,82,62,46,48,43,6,FALSE,MF,,100,,6,80,,,,70
675,675,Pangoro,Fighting,Dark,495,95,124,78,69,71,58,6,FALSE,MF,,100,,21,1360,,,,173
676,676,Furfrou,Normal,,472,75,80,60,65,90,102,6,FALSE,MF,,100,,12,280,,,,165
677,677,Espurr,Psychic,,355,62,48,54,63,60,68,6,FALSE,MF,,100,,3,35,,,,71
678,678,MeowsticMale,Psychic,,466,74,48,76,83,81,104,6,FALSE,MF,,100,,6,85,,,,163
678,10025,MeowsticFemale,Psychic,,466,74,48,76,83,81,104,6,FALSE,MF,,100,,6,85,,,,163
679,679,Honedge,Steel,Ghost,325,45,80,100,35,37,28,6,FALSE,MF,,100,,8,20,,,,65
680,680,Doublade,Steel,Ghost,448,59,110,150,45,49,35,6,FALSE,MF,,100,,8,45,,,,157
681,681,AegislashBlade Forme,Steel,Ghost,520,60,150,50,150,50,60,6,FALSE,MF,,100,,17,530,,,,234
681,10026,AegislashShield Forme,Steel,Ghost,520,60,50,150,50,150,60,6,FALSE,MF,,100,,17,530,,,,234
682,682,Spritzee,Fairy,,341,78,52,60,63,65,23,6,FALSE,MF,,100,,2,5,,,,68
683,683,Aromatisse,Fairy,,462,101,72,72,99,89,29,6,FALSE,MF,,100,,8,155,,,,162
684,684,Swirlix,Fairy,,341,62,48,66,59,57,49,6,FALSE,MF,,100,,4,35,,,,68
685,685,Slurpuff,Fairy,,480,82,80,86,85,75,72,6,FALSE,MF,,100,,8,50,,,,168
686,686,Inkay,Dark,Psychic,288,53,54,53,37,46,45,6,FALSE,MF,,100,,4,35,,,,58
687,687,Malamar,Dark,Psychic,482,86,92,88,68,75,73,6,FALSE,MF,,100,,15,470,,,,169
688,688,Binacle,Rock,Water,306,42,52,67,39,56,50,6,FALSE,MF,,100,,5,310,,,,61
689,689,Barbaracle,Rock,Water,500,72,105,115,54,86,68,6,FALSE,MF,,100,,13,960,,,,175
690,690,Skrelp,Poison,Water,320,50,60,60,60,60,30,6,FALSE,MF,,100,,5,73,,,,64
691,691,Dragalge,Poison,Dragon,494,65,75,90,97,123,44,6,FALSE,MF,,100,,18,815,,,,173
692,692,Clauncher,Water,,330,50,53,62,58,63,44,6,FALSE,SL,,100,,5,83,,,,66
693,693,Clawitzer,Water,,500,71,73,88,120,89,59,6,FALSE,SL,,100,,13,353,,,,100
694,694,Helioptile,Electric,Normal,289,44,38,33,61,43,70,6,FALSE,MF,,100,,5,60,,,,58
695,695,Heliolisk,Electric,Normal,481,62,55,52,109,94,109,6,FALSE,MF,,100,,10,210,,,,168
696,696,Tyrunt,Rock,Dragon,362,58,89,77,45,45,48,6,FALSE,MF,,100,,8,260,,,,72
697,697,Tyrantrum,Rock,Dragon,521,82,121,119,69,59,71,6,FALSE,MF,,100,,25,2700,,,,182
698,698,Amaura,Rock,Ice,362,77,59,50,67,63,46,6,FALSE,MF,,100,,13,252,,,,72
699,699,Aurorus,Rock,Ice,521,123,77,72,99,92,58,6,FALSE,MF,,100,,27,2250,,,,104
700,700,Sylveon,Fairy,,525,95,65,65,110,130,60,6,FALSE,MF,,100,,10,235,,,,184
701,701,Hawlucha,Fighting,Flying,500,78,92,75,74,63,118,6,FALSE,MF,,100,,8,215,,,,175
702,702,Dedenne,Electric,Fairy,431,67,58,57,81,67,101,6,FALSE,MF,,100,,2,22,,,,151
703,703,Carbink,Rock,Fairy,500,50,50,150,50,150,50,6,FALSE,SL,,100,,3,57,,,,100
704,704,Goomy,Dragon,,300,45,50,35,55,75,40,6,FALSE,SL,,100,,3,28,,,,60
705,705,Sliggoo,Dragon,,452,68,75,53,83,113,60,6,FALSE,SL,,100,,8,175,,,,158
706,706,Goodra,Dragon,,600,90,100,70,110,150,80,6,FALSE,SL,,100,,20,1505,,,,270
707,707,Klefki,Steel,Fairy,470,57,80,91,80,87,75,6,FALSE,FA,,100,,2,30,,,,165
708,708,Phantump,Ghost,Grass,309,43,70,48,50,60,38,6,FALSE,MF,,100,,4,70,,,,62
709,709,Trevenant,Ghost,Grass,474,85,110,76,65,82,56,6,FALSE,MF,,100,,15,710,,,,166
710,710,PumpkabooAverage Size,Ghost,Grass,335,49,66,70,44,55,51,6,FALSE,MF,,100,,4,50,,,,67
710,10027,PumpkabooSmall Size,Ghost,Grass,335,44,66,70,44,55,56,6,FALSE,MF,,100,,3,35,,,,67
710,10028,PumpkabooLarge Size,Ghost,Grass,335,54,66,70,44,55,46,6,FALSE,MF,,100,,5,75,,,,67
710,10029,PumpkabooSuper Size,Ghost,Grass,335,59,66,70,44,55,41,6,FALSE,MF,,100,,8,150,,,,67
711,711,GourgeistAverage Size,Ghost,Grass,494,65,90,122,58,75,84,6,FALSE,MF,,100,,9,125,,,,173
711,10030,GourgeistSmall Size,Ghost,Grass,494,55,85,122,58,75,99,6,FALSE,MF,,100,,7,95,,,,173
711,10031,GourgeistLarge Size,Ghost,Grass,494,75,95,122,58,75,69,6,FALSE,MF,,100,,11,140,,,,173
711,10032,GourgeistSuper Size,Ghost,Grass,494,85,100,122,58,75,54,6,FALSE,MF,,100,,17,390,,,,173
712,712,Bergmite,Ice,,304,55,69,85,32,35,28,6,FALSE,MF,,100,,10,995,,,,61
713,713,Avalugg,Ice,,514,95,117,184,44,46,28,6,FALSE,MF,,100,,20,5050,,,,180
714,714,Noibat,Flying,Dragon,245,40,30,35,45,40,55,6,FALSE,MF,,100,,5,80,,,,49
715,715,Noivern,Flying,Dragon,535,85,70,80,97,80,123,6,FALSE,MF,,100,,15,850,,,,187
716,716,Xerneas,Fairy,,680,126,131,95,131,98,99,6,TRUE,SL,,100,,30,2150,,,,306
717,717,Yveltal,Dark,Flying,680,126,131,95,131,98,99,6,TRUE,SL,,100,,58,2030,,,,306
718,718,Zygarde50% Forme,Dragon,Ground,600,108,100,121,81,95,95,6,TRUE,SL,,100,,50,3050,,,,270
719,719,Diancie,Rock,Fairy,600,50,100,150,100,150,50,6,TRUE,SL,,100,,7,88,,,,270
719,10075,DiancieMega Diancie,Rock,Fairy,700,50,160,110,160,110,110,6,TRUE,SL,,100,,11,278,,,,315
720,720,HoopaHoopa Confined,Psychic,Ghost,600,80,110,60,150,130,70,6,TRUE,SL,,100,,5,90,,,,270
720,10086,HoopaHoopa Unbound,Psychic,Dark,680,80,160,60,170,130,80,6,TRUE,SL,,100,,65,4900,,,,306
721,721,Volcanion,Fire,Water,600,80,110,120,130,90,70,6,TRUE,SL,,100,,17,1950,,,,270
722,,Rowlet,Grass,Flying,320,68,55,55,50,50,42,7,FALSE,MS,,100,,,,,,,
723,,Dartrix,Grass,Flying,420,78,75,75,70,70,52,7,FALSE,MS,,100,,,,,,,
724,,Decidueye,Grass,Flying,530,78,107,75,100,100,70,7,FALSE,MS,,100,,,,,,,
725,,Litten,Fire,,320,45,65,40,60,40,70,7,FALSE,MS,,100,,,,,,,
726,,Torracat,Fire,,420,65,85,50,80,50,90,7,FALSE,MS,,100,,,,,,,
727,,Incineroar,Fire,Dark,530,95,115,90,80,90,60,7,FALSE,MS,,100,,,,,,,
728,,Popplio,Water,,320,50,54,54,66,56,40,7,FALSE,MS,,100,,,,,,,
729,,Brionne,Water,,420,60,69,69,91,81,50,7,FALSE,MS,,100,,,,,,,
730,,Primarina,Water,Fairy,530,80,74,74,126,116,60,7,FALSE,MS,,100,,,,,,,
731,,Pikipek,Normal,Flying,265,35,75,30,30,30,65,7,FALSE,MF,,100,,,,,,,
732,,Trumbeak,Normal,Flying,355,55,85,50,40,50,75,7,FALSE,MF,,100,,,,,,,
733,,Toucannon,Normal,Flying,485,80,120,75,75,75,60,7,FALSE,MF,,100,,,,,,,
734,,Yungoos,Normal,,253,48,70,30,30,30,45,7,FALSE,MF,,100,,,,,,,
735,,Gumshoos,Normal,,418,88,110,60,55,60,45,7,FALSE,MF,,100,,,,,,,
736,,Grubbin,Bug,,300,47,62,45,55,45,46,7,FALSE,MF,,100,,,,,,,
737,,Charjabug,Bug,Electric,400,57,82,95,55,75,36,7,FALSE,MF,,100,,,,,,,
738,,Vikavolt,Bug,Electric,500,77,70,90,145,75,43,7,FALSE,MF,,100,,,,,,,
739,,Crabrawler,Fighting,,338,47,82,57,42,47,63,7,FALSE,MF,,100,,,,,,,
740,,Crabominable,Fighting,Ice,478,97,132,77,62,67,43,7,FALSE,MF,,100,,,,,,,
741,,Oricorio,Flying,,476,75,70,70,98,70,93,7,FALSE,MF,,100,,,,,,,
742,,Cutiefly,Bug,Fairy,304,40,45,40,55,40,84,7,FALSE,MF,,100,,,,,,,
743,,Ribombee,Bug,Fairy,464,60,55,60,95,70,124,7,FALSE,MF,,100,,,,,,,
744,,Rockruff,Rock,,280,45,65,40,30,40,60,7,FALSE,MF,,100,,,,,,,
745,,Lycanroc(Midday Form),Rock,,487,75,115,65,55,65,112,7,FALSE,MF,,100,,,,,,,
745,,Lycanroc(Midnight Form),Rock,,487,85,115,75,55,75,82,7,FALSE,MF,,100,,,,,,,
746,,Wishiwashi,Water,,175,45,20,20,25,25,40,7,FALSE,FA,,100,,,,,,,
746,,Wishiwashi(School Form),Water,,620,45,140,130,140,135,30,7,FALSE,FA,,100,,,,,,,
747,,Mareanie,Poison,Water,305,50,53,62,43,52,45,7,FALSE,MF,,100,,,,,,,
748,,Toxapex,Poison,Water,495,50,63,152,53,142,35,7,FALSE,MF,,100,,,,,,,
749,,Mudbray,Ground,,385,70,100,70,45,55,45,7,FALSE,MF,,100,,,,,,,
750,,Mudsdale,Ground,,500,100,125,100,55,85,35,7,FALSE,MF,,100,,,,,,,
751,,Dewpider,Water,Bug,269,38,40,52,40,72,27,7,FALSE,MF,,100,,,,,,,
752,,Araquanid,Water,Bug,454,68,70,92,50,132,42,7,FALSE,MF,,100,,,,,,,
753,,Fomantis,Grass,,250,40,55,35,50,35,35,7,FALSE,MF,,100,,,,,,,
754,,Lurantis,Grass,,480,70,105,90,80,90,45,7,FALSE,MF,,100,,,,,,,
755,,Morelull,Grass,Fairy,285,40,35,55,65,75,15,7,FALSE,MF,,100,,,,,,,
756,,Shiinotic,Grass,Fairy,405,60,45,80,90,100,30,7,FALSE,MF,,100,,,,,,,
757,,Salandit,Poison,Fire,320,48,44,40,71,40,77,7,FALSE,MF,,100,,,,,,,
758,,Salazzle,Poison,Fire,480,68,64,60,111,60,117,7,FALSE,MF,,100,,,,,,,
759,,Stufful,Normal,Fighting,340,70,75,50,45,50,50,7,FALSE,MF,,100,,,,,,,
760,,Bewear,Normal,Fighting,500,120,125,80,55,60,60,7,FALSE,MF,,100,,,,,,,
761,,Bounsweet,Grass,,210,42,30,38,30,38,32,7,FALSE,MS,,100,,,,,,,
762,,Steenee,Grass,,290,52,40,48,40,48,62,7,FALSE,MS,,100,,,,,,,
763,,Tsareena,Grass,,510,72,120,98,50,98,72,7,FALSE,MS,,100,,,,,,,
764,,Comfey,Fairy,,485,51,52,90,82,110,100,7,FALSE,FA,,100,,,,,,,
765,,Oranguru,Normal,Psychic,490,90,60,80,90,110,60,7,FALSE,SL,,100,,,,,,,
766,,Passimian,Fighting,,490,100,120,90,40,60,80,7,FALSE,SL,,100,,,,,,,
767,,Wimpod,Bug,Water,230,25,35,40,20,30,80,7,FALSE,MF,,100,,,,,,,
768,,Golisopod,Bug,Water,530,75,125,140,60,90,40,7,FALSE,MF,,100,,,,,,,
769,,Sandygast,Ghost,Ground,320,55,55,80,70,45,15,7,FALSE,MF,,100,,,,,,,
770,,Palossand,Ghost,Ground,480,85,75,110,100,75,35,7,FALSE,MF,,100,,,,,,,
771,,Pyukumuku,Water,,410,55,60,130,30,130,5,7,FALSE,FA,,100,,,,,,,
772,,Type: Null,Normal,,534,95,95,95,95,95,59,7,FALSE,SL,,100,,,,,,,
773,,Silvally,Normal,,570,95,95,95,95,95,95,7,FALSE,SL,,100,,,,,,,
774,,Minior,Rock,Flying,440,60,60,100,60,100,60,7,FALSE,MS,,100,,,,,,,
774,,Minior(Core),Rock,Flying,500,60,100,60,100,60,120,7,FALSE,MS,,100,,,,,,,
775,,Komala,Normal,,480,65,115,65,75,95,65,7,FALSE,SL,,100,,,,,,,
776,,Turtonator,Fire,Dragon,485,60,78,135,91,85,36,7,FALSE,MF,,100,,,,,,,
777,,Togedemaru,Electric,Steel,435,65,98,63,40,73,96,7,FALSE,MF,,100,,,,,,,
778,,Mimikyu,Ghost,Fairy,476,55,90,80,50,105,96,7,FALSE,MF,,100,,,,,,,
779,,Bruxish,Water,Psychic,475,68,105,70,70,70,92,7,FALSE,MF,,100,,,,,,,
780,,Drampa,Normal,Dragon,485,78,60,85,135,91,36,7,FALSE,MF,,100,,,,,,,
781,,Dhelmise,Ghost,Grass,517,70,131,100,86,90,40,7,FALSE,MF,,100,,,,,,,
782,,Jangmo-o,Dragon,,300,45,55,65,45,45,45,7,FALSE,SL,,100,,,,,,,
783,,Hakamo-o,Dragon,Fighting,420,55,75,90,65,70,65,7,FALSE,SL,,100,,,,,,,
784,,Kommo-o,Dragon,Fighting,600,75,110,125,100,105,85,7,FALSE,SL,,100,,,,,,,
785,,Tapu Koko,Electric,Fairy,570,70,115,85,95,75,130,7,FALSE,SL,,100,,,,,,,
786,,Tapu Lele,Psychic,Fairy,570,70,85,75,130,115,95,7,FALSE,SL,,100,,,,,,,
787,,Tapu Bulu,Grass,Fairy,570,70,130,115,85,95,75,7,FALSE,SL,,100,,,,,,,
788,,Tapu Fini,Water,Fairy,570,70,75,115,95,130,85,7,FALSE,SL,,100,,,,,,,
789,,Cosmog,Psychic,,200,43,29,31,29,31,37,7,FALSE,SL,,100,,,,,,,
790,,Cosmoem,Psychic,,400,43,29,131,29,131,37,7,FALSE,SL,,100,,,,,,,
791,,Solgaleo,Psychic,Steel,680,137,137,107,113,89,97,7,FALSE,SL,,100,,,,,,,
792,,Lunala,Psychic,Ghost,680,137,113,89,137,107,97,7,FALSE,SL,,100,,,,,,,
793,,Nihilego,Rock,Poison,570,109,53,47,127,131,103,7,FALSE,SL,,100,,,,,,,
794,,Buzzwole,Bug,Fighting,570,107,139,139,53,53,79,7,FALSE,SL,,100,,,,,,,
795,,Pheromosa,Bug,Fighting,570,71,137,37,137,37,151,7,FALSE,SL,,100,,,,,,,
796,,Xurkitree,Electric,,570,83,89,71,173,71,83,7,FALSE,SL,,100,,,,,,,
797,,Celesteela,Steel,Flying,570,97,101,103,107,101,61,7,FALSE,SL,,100,,,,,,,
798,,Kartana,Grass,Steel,570,59,181,131,59,31,109,7,FALSE,SL,,100,,,,,,,
799,,Guzzlord,Dark,Dragon,570,223,101,53,97,53,43,7,FALSE,SL,,100,,,,,,,
800,,Necrozma,Psychic,,600,97,107,101,127,89,79,7,FALSE,SL,,100,,,,,,,
801,,Magearna,Steel,Fairy,600,80,95,115,130,115,65,7,TRUE,SL,,100,,,,,,,
802,,Marshadow,Fighting,Ghost,600,90,125,80,90,90,125,7,TRUE,SL,,100,,,,,,,
